naics2d,naics2d_label,tech40_id,tech40_label,tech40_labelshort,cosine2d,n_patent,xposure2d
11,"Agriculture, Forestry, Fishing and Hunting",1,3D Printer Hardware,3D Printer Hardware,0.01622375861973261,1,0.016223046993837132
11,"Agriculture, Forestry, Fishing and Hunting",2,3D Printing,3D Printing,0,0,-0
11,"Agriculture, Forestry, Fishing and Hunting",3,Additive Manufacturing,Additive Manufacturing,0.016223151367139754,1,0.016222439821143093
11,"Agriculture, Forestry, Fishing and Hunting",4,Smart Agriculture & Water Management,Smart Agriculture,64.89971003276733,3228,4.866049685683682
11,"Agriculture, Forestry, Fishing and Hunting",5,Internet of Things (IoT),IoT,21.503849157019545,1151,3.7619193316017054
11,"Agriculture, Forestry, Fishing and Hunting",6,Predictive Energy Management and Distribution,Energy Management,0.26054773766352124,32,0.2576864259744558
11,"Agriculture, Forestry, Fishing and Hunting",7,Industrial Automation & Robot Control,Industrial Automation,1.2620044119497624,78,1.0550702109681855
11,"Agriculture, Forestry, Fishing and Hunting",8,Remote Monitoring & Control Systems,Remote Monitoring,0.6045336661624042,41,0.5727085955304599
11,"Agriculture, Forestry, Fishing and Hunting",9,Smart Home & Intelligent Household Control,Smart Home,0.05962665391586074,6,0.05959137817450531
11,"Agriculture, Forestry, Fishing and Hunting",10,Intelligent Logistics,Intelligent Logistics,0.01700690921349415,1,0.017006089488061128
11,"Agriculture, Forestry, Fishing and Hunting",11,Autonomous Vehicles & UAVs,Autonomous Vehicles,0.28622129871466917,23,0.2824507116713986
11,"Agriculture, Forestry, Fishing and Hunting",12,Parking & Vehicle Space Management,Parking Management,0,0,-0
11,"Agriculture, Forestry, Fishing and Hunting",13,Vehicle Telematics & Electric Vehicle Management,Vehicle Telematics,0.09838853700415875,5,0.09823048603753932
11,"Agriculture, Forestry, Fishing and Hunting",14,Passenger Transportation,Passenger Transportation,0,0,-0
11,"Agriculture, Forestry, Fishing and Hunting",15,Food Ordering & Vending Systems,Food Ordering,0.09286881495885543,6,0.09273583742110772
11,"Agriculture, Forestry, Fishing and Hunting",16,Digital Advertising,Digital Advertising,0,0,-0
11,"Agriculture, Forestry, Fishing and Hunting",17,Electronic Trading and Auctions,E-Trading,0,0,-0
11,"Agriculture, Forestry, Fishing and Hunting",18,Online Shopping Platforms,Online Shopping,0.02712377365793668,3,0.02712044893588362
11,"Agriculture, Forestry, Fishing and Hunting",19,E-Coupons & Promotion Management,E-Coupons,0,0,-0
11,"Agriculture, Forestry, Fishing and Hunting",20,Electronic Payments & Financial Transactions,E-Payment,0,0,-0
11,"Agriculture, Forestry, Fishing and Hunting",21,Mobile Payments,Mobile Payment,0,0,-0
11,"Agriculture, Forestry, Fishing and Hunting",22,Gaming & Wagering Systems,Gaming,0,2,-0
11,"Agriculture, Forestry, Fishing and Hunting",23,Digital Authentication,Digital Authentification,0.00889678398160411,1,0.008896666618275453
11,"Agriculture, Forestry, Fishing and Hunting",24,E-Learning,E-Learning,0.15022477609529492,15,0.14966540577020376
11,"Agriculture, Forestry, Fishing and Hunting",25,Location-Based Services & Tracking,Location-Based Services,0,0,-0
11,"Agriculture, Forestry, Fishing and Hunting",26,Voice Communication,Voice Communication,0.03117902845917219,3,0.031173978980210997
11,"Agriculture, Forestry, Fishing and Hunting",27,Electronic Messaging,Electronic Messaging,0.04313884646672736,2,0.04312547771397041
11,"Agriculture, Forestry, Fishing and Hunting",28,Workflow Management,Workflow Management,1.3924790524228738,116,1.1336027954692993
11,"Agriculture, Forestry, Fishing and Hunting",29,Cloud Storage & Data Security,Cloud Storage,0.01884660508854337,4,0.01884548956501813
11,"Agriculture, Forestry, Fishing and Hunting",30,Information Processing,Information Processing,0.05520247957780634,7,0.05517448140862603
11,"Agriculture, Forestry, Fishing and Hunting",31,Cloud Computing,Cloud Computing,0.5718046495159516,35,0.5444977351350984
11,"Agriculture, Forestry, Fishing and Hunting",32,Recommender Systems,Recommender Systems,0.15058537225471466,9,0.1500219912014518
11,"Agriculture, Forestry, Fishing and Hunting",33,Social Networking & Media Platforms,Social Networking,0.007118362551966135,2,0.007118302437477367
11,"Agriculture, Forestry, Fishing and Hunting",34,Digital Media Content,Digital Media Content,0,0,-0
11,"Agriculture, Forestry, Fishing and Hunting",35,Augmented and Virtual Reality (AR/VR),AR/VR,0.008472492841569446,9,0.008472391481160762
11,"Agriculture, Forestry, Fishing and Hunting",36,Machine Learning & Neural Networks,Machine Learning,0.3296799514850031,37,0.32398235342820625
11,"Agriculture, Forestry, Fishing and Hunting",37,Medical Imaging & Image Processing,Medical Imaging,0.02357420605067449,2,0.023572023062479474
11,"Agriculture, Forestry, Fishing and Hunting",38,Health Monitoring,Health Monitoring,0.11706618846446319,22,0.11680043534624836
11,"Agriculture, Forestry, Fishing and Hunting",39,Medical Information,Medical Information,0,1,-0
11,"Agriculture, Forestry, Fishing and Hunting",40,E-Healthcare,E-Healthcare,0,0,-0
21,"Mining, Quarrying, and Oil and Gas Extraction",1,3D Printer Hardware,3D Printer Hardware,0,5,-0
21,"Mining, Quarrying, and Oil and Gas Extraction",2,3D Printing,3D Printing,0.30313253130699414,7,0.2986721715810494
21,"Mining, Quarrying, and Oil and Gas Extraction",3,Additive Manufacturing,Additive Manufacturing,0.08965677208535043,1,0.08953708928327728
21,"Mining, Quarrying, and Oil and Gas Extraction",4,Smart Agriculture & Water Management,Smart Agriculture,3.027874260803819,58,1.8272244123021784
21,"Mining, Quarrying, and Oil and Gas Extraction",5,Internet of Things (IoT),IoT,0.16545987720102837,10,0.16471406425643786
21,"Mining, Quarrying, and Oil and Gas Extraction",6,Predictive Energy Management and Distribution,Energy Management,0.058686862438467394,1,0.05865322683820915
21,"Mining, Quarrying, and Oil and Gas Extraction",7,Industrial Automation & Robot Control,Industrial Automation,2.5140510837008803,45,1.6524369831072623
21,"Mining, Quarrying, and Oil and Gas Extraction",8,Remote Monitoring & Control Systems,Remote Monitoring,7.686140598447068,122,2.736771135901128
21,"Mining, Quarrying, and Oil and Gas Extraction",9,Smart Home & Intelligent Household Control,Smart Home,0.10357994143597804,3,0.10339561515722136
21,"Mining, Quarrying, and Oil and Gas Extraction",10,Intelligent Logistics,Intelligent Logistics,0,0,-0
21,"Mining, Quarrying, and Oil and Gas Extraction",11,Autonomous Vehicles & UAVs,Autonomous Vehicles,0.03573334907521963,4,0.03572574895449301
21,"Mining, Quarrying, and Oil and Gas Extraction",12,Parking & Vehicle Space Management,Parking Management,0,0,-0
21,"Mining, Quarrying, and Oil and Gas Extraction",13,Vehicle Telematics & Electric Vehicle Management,Vehicle Telematics,0,2,-0
21,"Mining, Quarrying, and Oil and Gas Extraction",14,Passenger Transportation,Passenger Transportation,0,0,-0
21,"Mining, Quarrying, and Oil and Gas Extraction",15,Food Ordering & Vending Systems,Food Ordering,0,0,-0
21,"Mining, Quarrying, and Oil and Gas Extraction",16,Digital Advertising,Digital Advertising,0.05888001569055669,1,0.058846047232567596
21,"Mining, Quarrying, and Oil and Gas Extraction",17,Electronic Trading and Auctions,E-Trading,0,0,-0
21,"Mining, Quarrying, and Oil and Gas Extraction",18,Online Shopping Platforms,Online Shopping,0,0,-0
21,"Mining, Quarrying, and Oil and Gas Extraction",19,E-Coupons & Promotion Management,E-Coupons,0,1,-0
21,"Mining, Quarrying, and Oil and Gas Extraction",20,Electronic Payments & Financial Transactions,E-Payment,0,0,-0
21,"Mining, Quarrying, and Oil and Gas Extraction",21,Mobile Payments,Mobile Payment,0.0503995044248257,1,0.050378192062349315
21,"Mining, Quarrying, and Oil and Gas Extraction",22,Gaming & Wagering Systems,Gaming,0.047189010001716894,1,0.04717151409248682
21,"Mining, Quarrying, and Oil and Gas Extraction",23,Digital Authentication,Digital Authentification,0,0,-0
21,"Mining, Quarrying, and Oil and Gas Extraction",24,E-Learning,E-Learning,0.30414350165021864,7,0.2996395315316749
21,"Mining, Quarrying, and Oil and Gas Extraction",25,Location-Based Services & Tracking,Location-Based Services,0,1,-0
21,"Mining, Quarrying, and Oil and Gas Extraction",26,Voice Communication,Voice Communication,0.04540368724784421,1,0.045388101790743096
21,"Mining, Quarrying, and Oil and Gas Extraction",27,Electronic Messaging,Electronic Messaging,0.033874533592826335,1,0.03386805852142281
21,"Mining, Quarrying, and Oil and Gas Extraction",28,Workflow Management,Workflow Management,2.225757497069796,42,1.5402676107546414
21,"Mining, Quarrying, and Oil and Gas Extraction",29,Cloud Storage & Data Security,Cloud Storage,0.03797304918183063,3,0.037963929209707065
21,"Mining, Quarrying, and Oil and Gas Extraction",30,Information Processing,Information Processing,0.16512900225110017,7,0.16438761886693776
21,"Mining, Quarrying, and Oil and Gas Extraction",31,Cloud Computing,Cloud Computing,0.3349388920665641,8,0.32897294974971586
21,"Mining, Quarrying, and Oil and Gas Extraction",32,Recommender Systems,Recommender Systems,2.8174471748161527,67,1.7590808623909815
21,"Mining, Quarrying, and Oil and Gas Extraction",33,Social Networking & Media Platforms,Social Networking,0.3086150855277993,8,0.3039149499444038
21,"Mining, Quarrying, and Oil and Gas Extraction",34,Digital Media Content,Digital Media Content,0.19182753072535727,4,0.19067012373374592
21,"Mining, Quarrying, and Oil and Gas Extraction",35,Augmented and Virtual Reality (AR/VR),AR/VR,0.05320711892485205,1,0.053182045983235095
21,"Mining, Quarrying, and Oil and Gas Extraction",36,Machine Learning & Neural Networks,Machine Learning,0.3902983339694211,16,0.38101255380662574
21,"Mining, Quarrying, and Oil and Gas Extraction",37,Medical Imaging & Image Processing,Medical Imaging,0,2,-0
21,"Mining, Quarrying, and Oil and Gas Extraction",38,Health Monitoring,Health Monitoring,0,0,-0
21,"Mining, Quarrying, and Oil and Gas Extraction",39,Medical Information,Medical Information,0,0,-0
21,"Mining, Quarrying, and Oil and Gas Extraction",40,E-Healthcare,E-Healthcare,0,0,-0
22,Utilities,1,3D Printer Hardware,3D Printer Hardware,15.08478029427318,128,3.407930339141533
22,Utilities,2,3D Printing,3D Printing,0.13415220230499011,3,0.13375304120410772
22,Utilities,3,Additive Manufacturing,Additive Manufacturing,0.3009213451403574,4,0.2965554241792304
22,Utilities,4,Smart Agriculture & Water Management,Smart Agriculture,334.42620635391387,2494,6.505565662294055
22,Utilities,5,Internet of Things (IoT),IoT,51.709004852353935,488,4.638872608038149
22,Utilities,6,Predictive Energy Management and Distribution,Energy Management,316.51317774788555,3152,6.450514552615732
22,Utilities,7,Industrial Automation & Robot Control,Industrial Automation,31.276381622763026,274,4.136265882917399
22,Utilities,8,Remote Monitoring & Control Systems,Remote Monitoring,52.56878889632392,484,4.6553602106525505
22,Utilities,9,Smart Home & Intelligent Household Control,Smart Home,30.056517599215397,301,4.0965033291480735
22,Utilities,10,Intelligent Logistics,Intelligent Logistics,1.6304196211613133,13,1.264996288513475
22,Utilities,11,Autonomous Vehicles & UAVs,Autonomous Vehicles,0.06915170027024345,2,0.06909670511425092
22,Utilities,12,Parking & Vehicle Space Management,Parking Management,5.864078216026095,59,2.4691845606657155
22,Utilities,13,Vehicle Telematics & Electric Vehicle Management,Vehicle Telematics,15.129417043015213,142,3.4108785762994147
22,Utilities,14,Passenger Transportation,Passenger Transportation,0.6340872449015336,11,0.5978339062361174
22,Utilities,15,Food Ordering & Vending Systems,Food Ordering,0,0,-0
22,Utilities,16,Digital Advertising,Digital Advertising,0,0,-0
22,Utilities,17,Electronic Trading and Auctions,E-Trading,0,0,-0
22,Utilities,18,Online Shopping Platforms,Online Shopping,0,1,-0
22,Utilities,19,E-Coupons & Promotion Management,E-Coupons,0,0,-0
22,Utilities,20,Electronic Payments & Financial Transactions,E-Payment,0.5449932512094047,6,0.5210888219124696
22,Utilities,21,Mobile Payments,Mobile Payment,0.3633681205339493,6,0.35581264816723573
22,Utilities,22,Gaming & Wagering Systems,Gaming,0.170016215683491,3,0.16920762224015656
22,Utilities,23,Digital Authentication,Digital Authentification,0.060628188572875434,3,0.060591107257011785
22,Utilities,24,E-Learning,E-Learning,0.4845736713762986,12,0.46737170681486095
22,Utilities,25,Location-Based Services & Tracking,Location-Based Services,0.10640571468833526,1,0.10620594016399618
22,Utilities,26,Voice Communication,Voice Communication,0.7529856475922297,13,0.6955339873127626
22,Utilities,27,Electronic Messaging,Electronic Messaging,1.1568004769226823,16,0.9880209795188533
22,Utilities,28,Workflow Management,Workflow Management,10.596262024608535,85,3.055867641685708
22,Utilities,29,Cloud Storage & Data Security,Cloud Storage,0.4666419658201507,10,0.45117829619151645
22,Utilities,30,Information Processing,Information Processing,3.6507245316886205,33,2.0063238190303005
22,Utilities,31,Cloud Computing,Cloud Computing,10.15543083320861,130,3.013571093151688
22,Utilities,32,Recommender Systems,Recommender Systems,0.14619986414869443,4,0.14568398844319222
22,Utilities,33,Social Networking & Media Platforms,Social Networking,0.22154696345041913,2,0.2197734950155409
22,Utilities,34,Digital Media Content,Digital Media Content,0.3527538929833562,4,0.345819722056471
22,Utilities,35,Augmented and Virtual Reality (AR/VR),AR/VR,0.1452345919849669,1,0.14472880400529925
22,Utilities,36,Machine Learning & Neural Networks,Machine Learning,1.5481579909673981,25,1.2211829865071984
22,Utilities,37,Medical Imaging & Image Processing,Medical Imaging,0,2,-0
22,Utilities,38,Health Monitoring,Health Monitoring,0.770327011347432,17,0.709329521196449
22,Utilities,39,Medical Information,Medical Information,0.3491467139617897,6,0.3424160668479601
22,Utilities,40,E-Healthcare,E-Healthcare,0.09063247312931037,2,0.09050884998886131
23,Construction,1,3D Printer Hardware,3D Printer Hardware,0.13968952435867357,13,0.13923917036747108
23,Construction,2,3D Printing,3D Printing,0.12510954712438654,6,0.12478544737643094
23,Construction,3,Additive Manufacturing,Additive Manufacturing,2.5400041691935646,66,1.6619867075094334
23,Construction,4,Smart Agriculture & Water Management,Smart Agriculture,45.34851337055292,1394,4.50764611967369
23,Construction,5,Internet of Things (IoT),IoT,11.998081837509538,436,3.179626130330508
23,Construction,6,Predictive Energy Management and Distribution,Energy Management,78.80431432560094,2818,5.060155180690539
23,Construction,7,Industrial Automation & Robot Control,Industrial Automation,14.143429022930695,467,3.3436447517678234
23,Construction,8,Remote Monitoring & Control Systems,Remote Monitoring,50.89469250429282,1541,4.623002326755094
23,Construction,9,Smart Home & Intelligent Household Control,Smart Home,11.925575518832956,413,3.1735857086680426
23,Construction,10,Intelligent Logistics,Intelligent Logistics,0.18821560014356226,7,0.1871216905130149
23,Construction,11,Autonomous Vehicles & UAVs,Autonomous Vehicles,0.47669890830205836,19,0.4602741955897604
23,Construction,12,Parking & Vehicle Space Management,Parking Management,0.6861631537179912,28,0.6412941411371833
23,Construction,13,Vehicle Telematics & Electric Vehicle Management,Vehicle Telematics,1.6717015051073698,56,1.2863831922711337
23,Construction,14,Passenger Transportation,Passenger Transportation,0.29228866573492723,10,0.28827914161301293
23,Construction,15,Food Ordering & Vending Systems,Food Ordering,0,0,-0
23,Construction,16,Digital Advertising,Digital Advertising,0.15089229798137144,6,0.1503254882348615
23,Construction,17,Electronic Trading and Auctions,E-Trading,2.285249168074846,80,1.5643810879307056
23,Construction,18,Online Shopping Platforms,Online Shopping,0.2449439488783492,9,0.24255847002441858
23,Construction,19,E-Coupons & Promotion Management,E-Coupons,0,0,-0
23,Construction,20,Electronic Payments & Financial Transactions,E-Payment,0.21024822042229227,10,0.20872926579235895
23,Construction,21,Mobile Payments,Mobile Payment,0.3502593396701497,18,0.3434663251022709
23,Construction,22,Gaming & Wagering Systems,Gaming,0.18409792857130708,7,0.18307356662348465
23,Construction,23,Digital Authentication,Digital Authentification,0.1399269641722555,8,0.13947432311402508
23,Construction,24,E-Learning,E-Learning,0.2174277864816507,11,0.21575009364036182
23,Construction,25,Location-Based Services & Tracking,Location-Based Services,0.6312261937603402,27,0.5954160965478624
23,Construction,26,Voice Communication,Voice Communication,8.244903108110863,302,2.8063998989056547
23,Construction,27,Electronic Messaging,Electronic Messaging,1.7341907943118309,61,1.3180273948012995
23,Construction,28,Workflow Management,Workflow Management,56.682777827964124,1558,4.730695404483079
23,Construction,29,Cloud Storage & Data Security,Cloud Storage,0.31368530564260777,21,0.3087562268264367
23,Construction,30,Information Processing,Information Processing,0.9376724548301832,48,0.8366076757273855
23,Construction,31,Cloud Computing,Cloud Computing,1.7112058163212172,77,1.3064881269882507
23,Construction,32,Recommender Systems,Recommender Systems,1.0921485640835353,45,0.9450551469012513
23,Construction,33,Social Networking & Media Platforms,Social Networking,0.5431853580381398,24,0.5195007700138385
23,Construction,34,Digital Media Content,Digital Media Content,0,2,-0
23,Construction,35,Augmented and Virtual Reality (AR/VR),AR/VR,0.4574258469244313,23,0.4428120239059509
23,Construction,36,Machine Learning & Neural Networks,Machine Learning,5.73962406997167,331,2.4480447393603795
23,Construction,37,Medical Imaging & Image Processing,Medical Imaging,0.1756994713324496,12,0.17480782043137658
23,Construction,38,Health Monitoring,Health Monitoring,0.606053513291305,36,0.5740088073233297
23,Construction,39,Medical Information,Medical Information,0.06885466095842419,3,0.06880037045540109
23,Construction,40,E-Healthcare,E-Healthcare,0.10768447777590257,3,0.1074774390859953
31-33,Manufacturing,1,3D Printer Hardware,3D Printer Hardware,65.47489463745862,15984,4.874872273007115
31-33,Manufacturing,2,3D Printing,3D Printing,63.058491902118796,14586,4.837272784536455
31-33,Manufacturing,3,Additive Manufacturing,Additive Manufacturing,54.40358356537747,11416,4.689661662512058
31-33,Manufacturing,4,Smart Agriculture & Water Management,Smart Agriculture,12.890957289446728,3378,3.251174299164276
31-33,Manufacturing,5,Internet of Things (IoT),IoT,8.415663824198733,2548,2.8267532527186328
31-33,Manufacturing,6,Predictive Energy Management and Distribution,Energy Management,25.36419523596014,7643,3.926874092978228
31-33,Manufacturing,7,Industrial Automation & Robot Control,Industrial Automation,29.765988763401907,7856,4.086795648816965
31-33,Manufacturing,8,Remote Monitoring & Control Systems,Remote Monitoring,29.25178320514894,7642,4.069379758491931
31-33,Manufacturing,9,Smart Home & Intelligent Household Control,Smart Home,23.30673077155036,6244,3.8423492888409374
31-33,Manufacturing,10,Intelligent Logistics,Intelligent Logistics,3.713010473815455,882,2.0226496559486455
31-33,Manufacturing,11,Autonomous Vehicles & UAVs,Autonomous Vehicles,18.21925701047545,5173,3.5963785885023523
31-33,Manufacturing,12,Parking & Vehicle Space Management,Parking Management,3.4381182730970234,990,1.9485798412660633
31-33,Manufacturing,13,Vehicle Telematics & Electric Vehicle Management,Vehicle Telematics,23.10578103558535,5892,3.8336979720331024
31-33,Manufacturing,14,Passenger Transportation,Passenger Transportation,1.2492981954272853,305,1.0471545237525792
31-33,Manufacturing,15,Food Ordering & Vending Systems,Food Ordering,3.817488740127139,981,2.049469419948754
31-33,Manufacturing,16,Digital Advertising,Digital Advertising,7.081097936649496,1885,2.655525117252155
31-33,Manufacturing,17,Electronic Trading and Auctions,E-Trading,2.042648872495755,584,1.4625475453592074
31-33,Manufacturing,18,Online Shopping Platforms,Online Shopping,10.707769566045432,2455,3.066290118274813
31-33,Manufacturing,19,E-Coupons & Promotion Management,E-Coupons,2.4547041588034615,717,1.630276045322152
31-33,Manufacturing,20,Electronic Payments & Financial Transactions,E-Payment,23.33081375859241,6011,3.843381113104038
31-33,Manufacturing,21,Mobile Payments,Mobile Payment,25.12599397356495,6909,3.9174458707465
31-33,Manufacturing,22,Gaming & Wagering Systems,Gaming,5.09709315390882,1455,2.3313042457470123
31-33,Manufacturing,23,Digital Authentication,Digital Authentification,13.235119574221732,4243,3.277445203344532
31-33,Manufacturing,24,E-Learning,E-Learning,8.757567656542108,2684,2.8663092237976464
31-33,Manufacturing,25,Location-Based Services & Tracking,Location-Based Services,5.23312164418037,1448,2.3571615226751286
31-33,Manufacturing,26,Voice Communication,Voice Communication,29.60982199986741,7251,4.081538336025561
31-33,Manufacturing,27,Electronic Messaging,Electronic Messaging,12.73914213932428,3608,3.239363437584673
31-33,Manufacturing,28,Workflow Management,Workflow Management,11.366328168735356,2927,3.1257319862033826
31-33,Manufacturing,29,Cloud Storage & Data Security,Cloud Storage,4.635609946735852,1509,2.238350962510851
31-33,Manufacturing,30,Information Processing,Information Processing,28.88512461697717,6538,4.05677342374142
31-33,Manufacturing,31,Cloud Computing,Cloud Computing,6.259209529384883,1981,2.5335220376123644
31-33,Manufacturing,32,Recommender Systems,Recommender Systems,1.9262519998318945,661,1.4101594041648142
31-33,Manufacturing,33,Social Networking & Media Platforms,Social Networking,2.186121635840872,750,1.5239025276834484
31-33,Manufacturing,34,Digital Media Content,Digital Media Content,14.5947790925813,3794,3.3749826552243456
31-33,Manufacturing,35,Augmented and Virtual Reality (AR/VR),AR/VR,11.385023610052572,3059,3.1273691307550906
31-33,Manufacturing,36,Machine Learning & Neural Networks,Machine Learning,8.067626084650247,3279,2.7848255477173947
31-33,Manufacturing,37,Medical Imaging & Image Processing,Medical Imaging,26.75700229087279,7236,3.9802923974208975
31-33,Manufacturing,38,Health Monitoring,Health Monitoring,29.96089557162294,7993,4.093318618083943
31-33,Manufacturing,39,Medical Information,Medical Information,21.063014945876166,5131,3.741228867637671
31-33,Manufacturing,40,E-Healthcare,E-Healthcare,15.50619164889807,3837,3.435424719931004
41,Wholesale Trade,1,3D Printer Hardware,3D Printer Hardware,1.5951784737287242,131,1.2464251521185072
41,Wholesale Trade,2,3D Printing,3D Printing,2.4852713086113094,195,1.6417471133770107
41,Wholesale Trade,3,Additive Manufacturing,Additive Manufacturing,0.42812567960706444,31,0.4160210338990457
41,Wholesale Trade,4,Smart Agriculture & Water Management,Smart Agriculture,6.577031455503275,479,2.5824605754030423
41,Wholesale Trade,5,Internet of Things (IoT),IoT,4.310087441468901,375,2.1672991668017385
41,Wholesale Trade,6,Predictive Energy Management and Distribution,Energy Management,7.223799334204993,649,2.675284959714625
41,Wholesale Trade,7,Industrial Automation & Robot Control,Industrial Automation,4.62233732895911,373,2.235548321851503
41,Wholesale Trade,8,Remote Monitoring & Control Systems,Remote Monitoring,6.568292341197957,495,2.5811460865326086
41,Wholesale Trade,9,Smart Home & Intelligent Household Control,Smart Home,13.75111191996823,1079,3.315586354275507
41,Wholesale Trade,10,Intelligent Logistics,Intelligent Logistics,11.053568312296555,739,3.097940367380806
41,Wholesale Trade,11,Autonomous Vehicles & UAVs,Autonomous Vehicles,1.3395847967905308,125,1.1023575471955225
41,Wholesale Trade,12,Parking & Vehicle Space Management,Parking Management,0.33438628470942205,35,0.32844890973350827
41,Wholesale Trade,13,Vehicle Telematics & Electric Vehicle Management,Vehicle Telematics,12.261976622316563,885,3.201308911379941
41,Wholesale Trade,14,Passenger Transportation,Passenger Transportation,1.9118422050064086,158,1.4035004077246762
41,Wholesale Trade,15,Food Ordering & Vending Systems,Food Ordering,7.7279470129993015,567,2.7421504980200395
41,Wholesale Trade,16,Digital Advertising,Digital Advertising,19.57248471163293,1546,3.6679238828606655
41,Wholesale Trade,17,Electronic Trading and Auctions,E-Trading,37.78221244758188,2552,4.325160688165026
41,Wholesale Trade,18,Online Shopping Platforms,Online Shopping,106.40034198752082,6869,5.360378053690254
41,Wholesale Trade,19,E-Coupons & Promotion Management,E-Coupons,15.433915979858098,1208,3.430762469186748
41,Wholesale Trade,20,Electronic Payments & Financial Transactions,E-Payment,61.343786793967475,4699,4.809707500508314
41,Wholesale Trade,21,Mobile Payments,Mobile Payment,25.059070108458208,2069,3.914780901633552
41,Wholesale Trade,22,Gaming & Wagering Systems,Gaming,4.034474272243483,361,2.103040051589013
41,Wholesale Trade,23,Digital Authentication,Digital Authentification,5.370331639389161,536,2.382594633903806
41,Wholesale Trade,24,E-Learning,E-Learning,0.8588122858426218,87,0.7779372744652353
41,Wholesale Trade,25,Location-Based Services & Tracking,Location-Based Services,3.460660891001755,291,1.954856659707174
41,Wholesale Trade,26,Voice Communication,Voice Communication,8.14140509094185,616,2.7938605353265054
41,Wholesale Trade,27,Electronic Messaging,Electronic Messaging,4.619204924029547,399,2.2348857632049333
41,Wholesale Trade,28,Workflow Management,Workflow Management,5.286619620748126,422,2.3671535916026443
41,Wholesale Trade,29,Cloud Storage & Data Security,Cloud Storage,0.7617906960752447,73,0.7025530573777706
41,Wholesale Trade,30,Information Processing,Information Processing,18.098330093936887,1211,3.589729225537193
41,Wholesale Trade,31,Cloud Computing,Cloud Computing,1.2967284680654376,119,1.0764547927207277
41,Wholesale Trade,32,Recommender Systems,Recommender Systems,5.3233395616010055,470,2.373955610909257
41,Wholesale Trade,33,Social Networking & Media Platforms,Social Networking,2.569232363088091,257,1.6726409116271508
41,Wholesale Trade,34,Digital Media Content,Digital Media Content,3.0795887845731533,253,1.843318623750947
41,Wholesale Trade,35,Augmented and Virtual Reality (AR/VR),AR/VR,0.847199461564483,81,0.769102118137508
41,Wholesale Trade,36,Machine Learning & Neural Networks,Machine Learning,0.21415490555522196,31,0.21255085413816896
41,Wholesale Trade,37,Medical Imaging & Image Processing,Medical Imaging,0.356115682804556,27,0.3489883683378038
41,Wholesale Trade,38,Health Monitoring,Health Monitoring,0.387084453666312,43,0.37801700322776843
41,Wholesale Trade,39,Medical Information,Medical Information,9.30572371949567,633,2.9266513758781527
41,Wholesale Trade,40,E-Healthcare,E-Healthcare,0.4853005693573672,42,0.4680257571082198
44-45,Retail Trade,1,3D Printer Hardware,3D Printer Hardware,0.6568089293847028,57,0.6169243328543162
44-45,Retail Trade,2,3D Printing,3D Printing,0.3675321574076571,42,0.3597236977187624
44-45,Retail Trade,3,Additive Manufacturing,Additive Manufacturing,0.08153116381918638,7,0.08144110551689457
44-45,Retail Trade,4,Smart Agriculture & Water Management,Smart Agriculture,1.9488027307221596,206,1.4205020849780707
44-45,Retail Trade,5,Internet of Things (IoT),IoT,2.7750658718158276,276,1.7448093661845356
44-45,Retail Trade,6,Predictive Energy Management and Distribution,Energy Management,8.793165417266794,949,2.870339699497314
44-45,Retail Trade,7,Industrial Automation & Robot Control,Industrial Automation,1.0359192888475455,106,0.9065456662156671
44-45,Retail Trade,8,Remote Monitoring & Control Systems,Remote Monitoring,2.21050129337491,209,1.5339973862285934
44-45,Retail Trade,9,Smart Home & Intelligent Household Control,Smart Home,24.151854221563774,2074,3.877936648860598
44-45,Retail Trade,10,Intelligent Logistics,Intelligent Logistics,33.828712597956745,2160,4.214675494596439
44-45,Retail Trade,11,Autonomous Vehicles & UAVs,Autonomous Vehicles,3.2547051326051575,299,1.89605493411038
44-45,Retail Trade,12,Parking & Vehicle Space Management,Parking Management,6.789512576555613,637,2.6139060300364534
44-45,Retail Trade,13,Vehicle Telematics & Electric Vehicle Management,Vehicle Telematics,17.61619454703439,1375,3.56277042575609
44-45,Retail Trade,14,Passenger Transportation,Passenger Transportation,3.196773579414883,260,1.8789007815713934
44-45,Retail Trade,15,Food Ordering & Vending Systems,Food Ordering,16.638234671769457,1156,3.505752378541958
44-45,Retail Trade,16,Digital Advertising,Digital Advertising,97.22371413945282,7702,5.270188282016644
44-45,Retail Trade,17,Electronic Trading and Auctions,E-Trading,29.866317564899166,2297,4.090158675400066
44-45,Retail Trade,18,Online Shopping Platforms,Online Shopping,104.31169203480648,6921,5.340553611517359
44-45,Retail Trade,19,E-Coupons & Promotion Management,E-Coupons,25.1179280157075,2155,3.9171250528275885
44-45,Retail Trade,20,Electronic Payments & Financial Transactions,E-Payment,79.50277112010768,6411,5.06897860876296
44-45,Retail Trade,21,Mobile Payments,Mobile Payment,50.25130040580745,4351,4.610282593513998
44-45,Retail Trade,22,Gaming & Wagering Systems,Gaming,5.204843726510717,492,2.3518400342861057
44-45,Retail Trade,23,Digital Authentication,Digital Authentification,13.135920118502462,1407,3.2699433488270166
44-45,Retail Trade,24,E-Learning,E-Learning,0.9066601436096571,104,0.8138091912449319
44-45,Retail Trade,25,Location-Based Services & Tracking,Location-Based Services,7.315694253517224,651,2.6878079290192054
44-45,Retail Trade,26,Voice Communication,Voice Communication,7.789879126354339,711,2.750067118112032
44-45,Retail Trade,27,Electronic Messaging,Electronic Messaging,15.377765222151615,1386,3.427125348617614
44-45,Retail Trade,28,Workflow Management,Workflow Management,2.516592484408622,237,1.6533758730977142
44-45,Retail Trade,29,Cloud Storage & Data Security,Cloud Storage,1.4372367556021148,153,1.1594365389105052
44-45,Retail Trade,30,Information Processing,Information Processing,7.056151276645628,561,2.6520306989676556
44-45,Retail Trade,31,Cloud Computing,Cloud Computing,2.1442270195424897,233,1.5063359397304767
44-45,Retail Trade,32,Recommender Systems,Recommender Systems,12.363044085545981,1194,3.2094905344857567
44-45,Retail Trade,33,Social Networking & Media Platforms,Social Networking,7.858762515825634,845,2.7587998919268544
44-45,Retail Trade,34,Digital Media Content,Digital Media Content,8.699851303373448,749,2.8597399274363693
44-45,Retail Trade,35,Augmented and Virtual Reality (AR/VR),AR/VR,3.199952701344304,309,1.8798494762957183
44-45,Retail Trade,36,Machine Learning & Neural Networks,Machine Learning,0.4767691855572543,74,0.46033763275750905
44-45,Retail Trade,37,Medical Imaging & Image Processing,Medical Imaging,0.36728430504525794,44,0.3594910508173982
44-45,Retail Trade,38,Health Monitoring,Health Monitoring,1.5911437406303532,168,1.2442801583701664
44-45,Retail Trade,39,Medical Information,Medical Information,11.691164363168731,874,3.1538046019840307
44-45,Retail Trade,40,E-Healthcare,E-Healthcare,1.3018648460540554,121,1.0795875635231995
48-49,Transportation and Warehousing,1,3D Printer Hardware,3D Printer Hardware,0.30300096500077944,34,0.29854626068893825
48-49,Transportation and Warehousing,2,3D Printing,3D Printing,0.013699934067732707,8,0.013699505551278137
48-49,Transportation and Warehousing,3,Additive Manufacturing,Additive Manufacturing,0.026114208641228716,2,0.026111241446037197
48-49,Transportation and Warehousing,4,Smart Agriculture & Water Management,Smart Agriculture,15.918605195105705,1493,3.46162086168847
48-49,Transportation and Warehousing,5,Internet of Things (IoT),IoT,6.9091150174504605,678,2.6311852199141894
48-49,Transportation and Warehousing,6,Predictive Energy Management and Distribution,Energy Management,2.7336648099104313,334,1.730680456892324
48-49,Transportation and Warehousing,7,Industrial Automation & Robot Control,Industrial Automation,4.977896924533379,554,2.3080943332074666
48-49,Transportation and Warehousing,8,Remote Monitoring & Control Systems,Remote Monitoring,6.467956473058291,652,2.5659304599176624
48-49,Transportation and Warehousing,9,Smart Home & Intelligent Household Control,Smart Home,0.43675001799492386,52,0.4239369170493479
48-49,Transportation and Warehousing,10,Intelligent Logistics,Intelligent Logistics,151.89500290887014,10467,5.716347527803747
48-49,Transportation and Warehousing,11,Autonomous Vehicles & UAVs,Autonomous Vehicles,79.99360842367072,7602,5.075132983791129
48-49,Transportation and Warehousing,12,Parking & Vehicle Space Management,Parking Management,70.30008936401201,6614,4.945970832475756
48-49,Transportation and Warehousing,13,Vehicle Telematics & Electric Vehicle Management,Vehicle Telematics,124.52913842113672,10366,5.517703033459326
48-49,Transportation and Warehousing,14,Passenger Transportation,Passenger Transportation,162.45536492536843,12500,5.783559939740811
48-49,Transportation and Warehousing,15,Food Ordering & Vending Systems,Food Ordering,7.154157774911851,564,2.66569000305291
48-49,Transportation and Warehousing,16,Digital Advertising,Digital Advertising,5.353596066456137,472,2.37952637055374
48-49,Transportation and Warehousing,17,Electronic Trading and Auctions,E-Trading,6.5653375703994,641,2.5807012596761587
48-49,Transportation and Warehousing,18,Online Shopping Platforms,Online Shopping,34.6113827134386,2631,4.237538413607648
48-49,Transportation and Warehousing,19,E-Coupons & Promotion Management,E-Coupons,2.910824569452555,312,1.7898630351031752
48-49,Transportation and Warehousing,20,Electronic Payments & Financial Transactions,E-Payment,36.648378125507634,3613,4.294702438957423
48-49,Transportation and Warehousing,21,Mobile Payments,Mobile Payment,10.275239455999465,1093,3.025243739686998
48-49,Transportation and Warehousing,22,Gaming & Wagering Systems,Gaming,0.4797139307740936,70,0.462994207814727
48-49,Transportation and Warehousing,23,Digital Authentication,Digital Authentification,3.785112028709536,484,2.041232358017202
48-49,Transportation and Warehousing,24,E-Learning,E-Learning,2.2441109673030812,266,1.5477635769836477
48-49,Transportation and Warehousing,25,Location-Based Services & Tracking,Location-Based Services,30.96917549909647,2879,4.126400113564216
48-49,Transportation and Warehousing,26,Voice Communication,Voice Communication,6.360469982577933,626,2.5493725618789407
48-49,Transportation and Warehousing,27,Electronic Messaging,Electronic Messaging,19.967715226428247,2106,3.6878903449271703
48-49,Transportation and Warehousing,28,Workflow Management,Workflow Management,7.010848194264246,711,2.6456537635650146
48-49,Transportation and Warehousing,29,Cloud Storage & Data Security,Cloud Storage,23.258992992292757,2444,3.840300836813857
48-49,Transportation and Warehousing,30,Information Processing,Information Processing,6.391179774338332,544,2.5541309975245667
48-49,Transportation and Warehousing,31,Cloud Computing,Cloud Computing,13.822035048733618,1579,3.32071724806409
48-49,Transportation and Warehousing,32,Recommender Systems,Recommender Systems,2.1979001879576656,270,1.528791242858051
48-49,Transportation and Warehousing,33,Social Networking & Media Platforms,Social Networking,3.273479944145155,392,1.9015545637202025
48-49,Transportation and Warehousing,34,Digital Media Content,Digital Media Content,3.804867846076714,365,2.0462662975582075
48-49,Transportation and Warehousing,35,Augmented and Virtual Reality (AR/VR),AR/VR,1.0120664850714147,112,0.8898801937340093
48-49,Transportation and Warehousing,36,Machine Learning & Neural Networks,Machine Learning,1.112080227229111,193,0.9584485975315297
48-49,Transportation and Warehousing,37,Medical Imaging & Image Processing,Medical Imaging,0.1132676086555951,20,0.11302680090609869
48-49,Transportation and Warehousing,38,Health Monitoring,Health Monitoring,0.14991770198532237,29,0.14936173219525994
48-49,Transportation and Warehousing,39,Medical Information,Medical Information,1.3826444736187578,123,1.1278527789826966
48-49,Transportation and Warehousing,40,E-Healthcare,E-Healthcare,0.8855476835957127,83,0.7980859451357989
51,Information and Cultural Industries,1,3D Printer Hardware,3D Printer Hardware,0.4466460264310475,22,0.43298919115735723
51,Information and Cultural Industries,2,3D Printing,3D Printing,6.970777904939729,285,2.6399796563695612
51,Information and Cultural Industries,3,Additive Manufacturing,Additive Manufacturing,0,0,-0
51,Information and Cultural Industries,4,Smart Agriculture & Water Management,Smart Agriculture,14.705426532112844,584,3.382517830117112
51,Information and Cultural Industries,5,Internet of Things (IoT),IoT,18.29630672377514,823,3.6005923816448875
51,Information and Cultural Industries,6,Predictive Energy Management and Distribution,Energy Management,21.16886691640134,914,3.74623616004574
51,Information and Cultural Industries,7,Industrial Automation & Robot Control,Industrial Automation,13.307626902220168,602,3.282893210942165
51,Information and Cultural Industries,8,Remote Monitoring & Control Systems,Remote Monitoring,33.00835968301514,1293,4.190137406886248
51,Information and Cultural Industries,9,Smart Home & Intelligent Household Control,Smart Home,23.194689809030837,992,3.8375349114334933
51,Information and Cultural Industries,10,Intelligent Logistics,Intelligent Logistics,6.9694989652275305,245,2.6397980276926485
51,Information and Cultural Industries,11,Autonomous Vehicles & UAVs,Autonomous Vehicles,4.861830372884603,223,2.2849746743625254
51,Information and Cultural Industries,12,Parking & Vehicle Space Management,Parking Management,6.8188574585640485,282,2.618172969804444
51,Information and Cultural Industries,13,Vehicle Telematics & Electric Vehicle Management,Vehicle Telematics,23.549268829159075,821,3.8526924497123516
51,Information and Cultural Industries,14,Passenger Transportation,Passenger Transportation,18.29886688571895,629,3.6007320911660523
51,Information and Cultural Industries,15,Food Ordering & Vending Systems,Food Ordering,9.819394158068423,354,2.9800893896190632
51,Information and Cultural Industries,16,Digital Advertising,Digital Advertising,199.59888833991036,7474,5.989463250068505
51,Information and Cultural Industries,17,Electronic Trading and Auctions,E-Trading,15.997604958422217,614,3.466561628156491
51,Information and Cultural Industries,18,Online Shopping Platforms,Online Shopping,33.12774673076448,1108,4.193746105110322
51,Information and Cultural Industries,19,E-Coupons & Promotion Management,E-Coupons,15.021285377870806,596,3.40372152855283
51,Information and Cultural Industries,20,Electronic Payments & Financial Transactions,E-Payment,98.7560320972176,3668,5.285825299804208
51,Information and Cultural Industries,21,Mobile Payments,Mobile Payment,64.82111729511497,2708,4.864838108336333
51,Information and Cultural Industries,22,Gaming & Wagering Systems,Gaming,29.96779800080928,1288,4.093548844648202
51,Information and Cultural Industries,23,Digital Authentication,Digital Authentification,63.54548684617553,2907,4.844965063949895
51,Information and Cultural Industries,24,E-Learning,E-Learning,64.153101015872707,2716,4.854480349178918
51,Information and Cultural Industries,25,Location-Based Services & Tracking,Location-Based Services,59.03591669601488,2231,4.771364920173444
51,Information and Cultural Industries,26,Voice Communication,Voice Communication,202.08484850807338,7529,6.001840953537597
51,Information and Cultural Industries,27,Electronic Messaging,Electronic Messaging,95.33953666887409,3888,5.250619273291439
51,Information and Cultural Industries,28,Workflow Management,Workflow Management,98.08177226964331,3383,5.278974708639026
51,Information and Cultural Industries,29,Cloud Storage & Data Security,Cloud Storage,108.38089608106641,4520,5.3788203010230315
51,Information and Cultural Industries,30,Information Processing,Information Processing,154.93500068799338,4947,5.736163273524622
51,Information and Cultural Industries,31,Cloud Computing,Cloud Computing,133.23030289412694,5052,5.585240495958031
51,Information and Cultural Industries,32,Recommender Systems,Recommender Systems,38.15952723181284,1690,4.335094279428834
51,Information and Cultural Industries,33,Social Networking & Media Platforms,Social Networking,111.78229463386529,5107,5.409720369268466
51,Information and Cultural Industries,34,Digital Media Content,Digital Media Content,230.24094998703305,8550,6.132278265741743
51,Information and Cultural Industries,35,Augmented and Virtual Reality (AR/VR),AR/VR,25.655885614909895,1055,3.93829977796891
51,Information and Cultural Industries,36,Machine Learning & Neural Networks,Machine Learning,9.904038913186621,519,2.9886288168222626
51,Information and Cultural Industries,37,Medical Imaging & Image Processing,Medical Imaging,27.01816549510411,1129,3.989998915195971
51,Information and Cultural Industries,38,Health Monitoring,Health Monitoring,14.305353619418213,610,3.3550004329867336
51,Information and Cultural Industries,39,Medical Information,Medical Information,43.79742044215922,1621,4.472852406286521
51,Information and Cultural Industries,40,E-Healthcare,E-Healthcare,54.124863111289784,1951,4.684526165607259
52,Finance and Insurance,1,3D Printer Hardware,3D Printer Hardware,0,1,-0
52,Finance and Insurance,2,3D Printing,3D Printing,0.06490420074253625,3,0.06485871815343527
52,Finance and Insurance,3,Additive Manufacturing,Additive Manufacturing,0,0,-0
52,Finance and Insurance,4,Smart Agriculture & Water Management,Smart Agriculture,0.026685231859746285,2,0.026682065774818436
52,Finance and Insurance,5,Internet of Things (IoT),IoT,0,4,-0
52,Finance and Insurance,6,Predictive Energy Management and Distribution,Energy Management,3.463274661141052,191,1.955582001561438
52,Finance and Insurance,7,Industrial Automation & Robot Control,Industrial Automation,0.16215004253036688,13,0.1614477616908869
52,Finance and Insurance,8,Remote Monitoring & Control Systems,Remote Monitoring,0.2964800855066896,19,0.29229995264585645
52,Finance and Insurance,9,Smart Home & Intelligent Household Control,Smart Home,0,0,-0
52,Finance and Insurance,10,Intelligent Logistics,Intelligent Logistics,0.8308936595247058,36,0.7566108032325238
52,Finance and Insurance,11,Autonomous Vehicles & UAVs,Autonomous Vehicles,0.2578924350801724,8,0.2551160774255289
52,Finance and Insurance,12,Parking & Vehicle Space Management,Parking Management,3.6553157509284024,145,2.007536047618521
52,Finance and Insurance,13,Vehicle Telematics & Electric Vehicle Management,Vehicle Telematics,14.872408415858219,444,3.3937832387566877
52,Finance and Insurance,14,Passenger Transportation,Passenger Transportation,5.680146303283381,200,2.4377841895840517
52,Finance and Insurance,15,Food Ordering & Vending Systems,Food Ordering,4.948973615593405,147,2.3023818283093043
52,Finance and Insurance,16,Digital Advertising,Digital Advertising,25.051182246970107,938,3.9144663318149444
52,Finance and Insurance,17,Electronic Trading and Auctions,E-Trading,86.61549050363001,2820,5.154659176009134
52,Finance and Insurance,18,Online Shopping Platforms,Online Shopping,38.80045022895861,1161,4.3517450501646024
52,Finance and Insurance,19,E-Coupons & Promotion Management,E-Coupons,37.179344824886385,1349,4.309081349453869
52,Finance and Insurance,20,Electronic Payments & Financial Transactions,E-Payment,779.7192563579684,24146,7.352081518917427
52,Finance and Insurance,21,Mobile Payments,Mobile Payment,297.6720067678475,10132,6.389142233860882
52,Finance and Insurance,22,Gaming & Wagering Systems,Gaming,19.874348031400338,805,3.6832093649390503
52,Finance and Insurance,23,Digital Authentication,Digital Authentification,115.66231797458282,4833,5.443840761562555
52,Finance and Insurance,24,E-Learning,E-Learning,0.9148703124032089,45,0.8198791664118614
52,Finance and Insurance,25,Location-Based Services & Tracking,Location-Based Services,0.8811176786721024,35,0.7947657735628895
52,Finance and Insurance,26,Voice Communication,Voice Communication,5.758399506854938,229,2.451262284166534
52,Finance and Insurance,27,Electronic Messaging,Electronic Messaging,10.313141039037403,478,3.028908335782789
52,Finance and Insurance,28,Workflow Management,Workflow Management,32.53480251754407,1028,4.175693640308088
52,Finance and Insurance,29,Cloud Storage & Data Security,Cloud Storage,10.02954410425917,487,3.0011584072563204
52,Finance and Insurance,30,Information Processing,Information Processing,17.050129663617348,547,3.5301638545947527
52,Finance and Insurance,31,Cloud Computing,Cloud Computing,4.287406229897789,181,2.162160135037607
52,Finance and Insurance,32,Recommender Systems,Recommender Systems,13.7754573533908,598,3.317350572137508
52,Finance and Insurance,33,Social Networking & Media Platforms,Social Networking,9.52563248024938,496,2.9498773792128015
52,Finance and Insurance,34,Digital Media Content,Digital Media Content,3.6446452814248214,152,2.004716518867711
52,Finance and Insurance,35,Augmented and Virtual Reality (AR/VR),AR/VR,0.24273219832360723,14,0.24040967788437917
52,Finance and Insurance,36,Machine Learning & Neural Networks,Machine Learning,1.6247835184756125,104,1.262045847194398
52,Finance and Insurance,37,Medical Imaging & Image Processing,Medical Imaging,0.1551158488546315,10,0.1545004505093276
52,Finance and Insurance,38,Health Monitoring,Health Monitoring,0.05173296639895367,5,0.05170991865733361
52,Finance and Insurance,39,Medical Information,Medical Information,2.301598893485725,88,1.5709158777693226
52,Finance and Insurance,40,E-Healthcare,E-Healthcare,0.9763391137303307,39,0.8645434609585719
53,Real Estate and Rental and Leasing,1,3D Printer Hardware,3D Printer Hardware,7.720178244112932,213,2.7411530346854924
53,Real Estate and Rental and Leasing,2,3D Printing,3D Printing,0,1,-0
53,Real Estate and Rental and Leasing,3,Additive Manufacturing,Additive Manufacturing,0.05488752650701319,1,0.05486000440394948
53,Real Estate and Rental and Leasing,4,Smart Agriculture & Water Management,Smart Agriculture,1.778486718544392,47,1.3399450107401334
53,Real Estate and Rental and Leasing,5,Internet of Things (IoT),IoT,12.192352879625885,340,3.195633659565223
53,Real Estate and Rental and Leasing,6,Predictive Energy Management and Distribution,Energy Management,43.10893005602382,1180,4.457011848726131
53,Real Estate and Rental and Leasing,7,Industrial Automation & Robot Control,Industrial Automation,21.133997186649886,570,3.7445894236948907
53,Real Estate and Rental and Leasing,8,Remote Monitoring & Control Systems,Remote Monitoring,18.023759503770112,444,3.585606725614532
53,Real Estate and Rental and Leasing,9,Smart Home & Intelligent Household Control,Smart Home,116.22390782450286,2875,5.448684258055284
53,Real Estate and Rental and Leasing,10,Intelligent Logistics,Intelligent Logistics,22.928061608563866,462,3.8259839598202756
53,Real Estate and Rental and Leasing,11,Autonomous Vehicles & UAVs,Autonomous Vehicles,51.283211580251205,1336,4.630605664178503
53,Real Estate and Rental and Leasing,12,Parking & Vehicle Space Management,Parking Management,84.78084414880173,2163,5.133251582751592
53,Real Estate and Rental and Leasing,13,Vehicle Telematics & Electric Vehicle Management,Vehicle Telematics,117.92762678240484,2643,5.463236260678468
53,Real Estate and Rental and Leasing,14,Passenger Transportation,Passenger Transportation,50.800408667497486,1055,4.621148439309197
53,Real Estate and Rental and Leasing,15,Food Ordering & Vending Systems,Food Ordering,9.824601891101494,213,2.980616873963373
53,Real Estate and Rental and Leasing,16,Digital Advertising,Digital Advertising,13.35161513561857,340,3.286184002693599
53,Real Estate and Rental and Leasing,17,Electronic Trading and Auctions,E-Trading,21.605242219025357,431,3.7666183081444116
53,Real Estate and Rental and Leasing,18,Online Shopping Platforms,Online Shopping,54.87181346190993,1182,4.698230002111435
53,Real Estate and Rental and Leasing,19,E-Coupons & Promotion Management,E-Coupons,5.945545855594826,147,2.4827878897204356
53,Real Estate and Rental and Leasing,20,Electronic Payments & Financial Transactions,E-Payment,11.580823739402772,284,3.144356659443092
53,Real Estate and Rental and Leasing,21,Mobile Payments,Mobile Payment,14.287222654086907,382,3.3537352951777795
53,Real Estate and Rental and Leasing,22,Gaming & Wagering Systems,Gaming,2.1771095717226667,63,1.5201473173201638
53,Real Estate and Rental and Leasing,23,Digital Authentication,Digital Authentification,5.0174422717713,171,2.3158533277264652
53,Real Estate and Rental and Leasing,24,E-Learning,E-Learning,3.5157328320822527,111,1.9700336557541613
53,Real Estate and Rental and Leasing,25,Location-Based Services & Tracking,Location-Based Services,5.951663437851659,174,2.483802065673634
53,Real Estate and Rental and Leasing,26,Voice Communication,Voice Communication,8.865970494803166,265,2.8785329642538566
53,Real Estate and Rental and Leasing,27,Electronic Messaging,Electronic Messaging,0.6157534198711998,26,0.5822863216984271
53,Real Estate and Rental and Leasing,28,Workflow Management,Workflow Management,42.048839958681675,874,4.432120343752054
53,Real Estate and Rental and Leasing,29,Cloud Storage & Data Security,Cloud Storage,52.620077850046904,1445,4.656335212877494
53,Real Estate and Rental and Leasing,30,Information Processing,Information Processing,5.634459833093854,133,2.429831767768148
53,Real Estate and Rental and Leasing,31,Cloud Computing,Cloud Computing,16.342013757430422,505,3.4878213058988474
53,Real Estate and Rental and Leasing,32,Recommender Systems,Recommender Systems,19.060182477451946,557,3.6414360977477145
53,Real Estate and Rental and Leasing,33,Social Networking & Media Platforms,Social Networking,1.5942781783590243,47,1.245946863842844
53,Real Estate and Rental and Leasing,34,Digital Media Content,Digital Media Content,18.828528609661706,515,3.6292248264321194
53,Real Estate and Rental and Leasing,35,Augmented and Virtual Reality (AR/VR),AR/VR,4.322868314399934,127,2.170183721174495
53,Real Estate and Rental and Leasing,36,Machine Learning & Neural Networks,Machine Learning,0.3171108667255722,17,0.3120231483921638
53,Real Estate and Rental and Leasing,37,Medical Imaging & Image Processing,Medical Imaging,0.12899942159804292,5,0.12864429783844467
53,Real Estate and Rental and Leasing,38,Health Monitoring,Health Monitoring,0.6026043739176615,21,0.5710568475839936
53,Real Estate and Rental and Leasing,39,Medical Information,Medical Information,1.2252260539102662,38,1.0320228251278951
53,Real Estate and Rental and Leasing,40,E-Healthcare,E-Healthcare,1.0578567604240299,30,0.921698572342453
54,"Professional, Scientific and Technical Services",1,3D Printer Hardware,3D Printer Hardware,0.03653192239304213,5,0.03652380146547445
54,"Professional, Scientific and Technical Services",2,3D Printing,3D Printing,8.116851774629483,229,2.79086271834406
54,"Professional, Scientific and Technical Services",3,Additive Manufacturing,Additive Manufacturing,4.74078667864326,141,2.2602925715831286
54,"Professional, Scientific and Technical Services",4,Smart Agriculture & Water Management,Smart Agriculture,15.585651094801301,483,3.4405254618266574
54,"Professional, Scientific and Technical Services",5,Internet of Things (IoT),IoT,8.81714353085607,290,2.8730454977593953
54,"Professional, Scientific and Technical Services",6,Predictive Energy Management and Distribution,Energy Management,15.752354041182992,577,3.4511429877212842
54,"Professional, Scientific and Technical Services",7,Industrial Automation & Robot Control,Industrial Automation,17.460394095585507,571,3.5539013293301345
54,"Professional, Scientific and Technical Services",8,Remote Monitoring & Control Systems,Remote Monitoring,46.98205394165262,1324,4.54302611894582
54,"Professional, Scientific and Technical Services",9,Smart Home & Intelligent Household Control,Smart Home,18.669133298231433,598,3.6207352292669923
54,"Professional, Scientific and Technical Services",10,Intelligent Logistics,Intelligent Logistics,2.553140698321046,65,1.6667882911009535
54,"Professional, Scientific and Technical Services",11,Autonomous Vehicles & UAVs,Autonomous Vehicles,5.4221180759313565,177,2.3920308323546506
54,"Professional, Scientific and Technical Services",12,Parking & Vehicle Space Management,Parking Management,1.8259772072732212,71,1.3629872545428585
54,"Professional, Scientific and Technical Services",13,Vehicle Telematics & Electric Vehicle Management,Vehicle Telematics,6.720282682576198,191,2.603767595921463
54,"Professional, Scientific and Technical Services",14,Passenger Transportation,Passenger Transportation,3.4467067088170342,104,1.9509756891799057
54,"Professional, Scientific and Technical Services",15,Food Ordering & Vending Systems,Food Ordering,1.703463282615056,60,1.3025750531056062
54,"Professional, Scientific and Technical Services",16,Digital Advertising,Digital Advertising,301.1685402414458,6895,6.400819979213564
54,"Professional, Scientific and Technical Services",17,Electronic Trading and Auctions,E-Trading,8.49299293015276,258,2.8358366811555
54,"Professional, Scientific and Technical Services",18,Online Shopping Platforms,Online Shopping,15.513348795464546,413,3.4358852242689544
54,"Professional, Scientific and Technical Services",19,E-Coupons & Promotion Management,E-Coupons,8.736749984588348,258,2.863944689152702
54,"Professional, Scientific and Technical Services",20,Electronic Payments & Financial Transactions,E-Payment,32.605664394860604,957,4.177868280207644
54,"Professional, Scientific and Technical Services",21,Mobile Payments,Mobile Payment,6.0302167056809015,225,2.4967353168988424
54,"Professional, Scientific and Technical Services",22,Gaming & Wagering Systems,Gaming,19.938843128993398,652,3.6864451733837007
54,"Professional, Scientific and Technical Services",23,Digital Authentication,Digital Authentification,43.46949790541804,1577,4.465338952201059
54,"Professional, Scientific and Technical Services",24,E-Learning,E-Learning,99.49052590623143,3074,5.293234858908551
54,"Professional, Scientific and Technical Services",25,Location-Based Services & Tracking,Location-Based Services,19.18587925948864,604,3.648000209948774
54,"Professional, Scientific and Technical Services",26,Voice Communication,Voice Communication,45.1487128292608,1334,4.5032315735297574
54,"Professional, Scientific and Technical Services",27,Electronic Messaging,Electronic Messaging,67.0000557401592,2043,4.89789631883962
54,"Professional, Scientific and Technical Services",28,Workflow Management,Workflow Management,90.26968054418114,2407,5.195979499619027
54,"Professional, Scientific and Technical Services",29,Cloud Storage & Data Security,Cloud Storage,11.79214571737607,397,3.1623738977439864
54,"Professional, Scientific and Technical Services",30,Information Processing,Information Processing,66.30643991790662,1700,4.887491064030622
54,"Professional, Scientific and Technical Services",31,Cloud Computing,Cloud Computing,48.8531834925588,1573,4.582071459259715
54,"Professional, Scientific and Technical Services",32,Recommender Systems,Recommender Systems,48.91759880354623,1716,4.583388864025698
54,"Professional, Scientific and Technical Services",33,Social Networking & Media Platforms,Social Networking,73.43705010097372,2719,4.989622111757099
54,"Professional, Scientific and Technical Services",34,Digital Media Content,Digital Media Content,48.48005638656683,1419,4.5744060371236825
54,"Professional, Scientific and Technical Services",35,Augmented and Virtual Reality (AR/VR),AR/VR,35.419443367475246,1071,4.260607314757007
54,"Professional, Scientific and Technical Services",36,Machine Learning & Neural Networks,Machine Learning,27.047407924397532,1279,3.9910799152809333
54,"Professional, Scientific and Technical Services",37,Medical Imaging & Image Processing,Medical Imaging,36.56574014649594,1195,4.292445846925116
54,"Professional, Scientific and Technical Services",38,Health Monitoring,Health Monitoring,8.776373944403808,319,2.868440533995027
54,"Professional, Scientific and Technical Services",39,Medical Information,Medical Information,19.587929821843826,571,3.6687116685571453
54,"Professional, Scientific and Technical Services",40,E-Healthcare,E-Healthcare,23.49673238833839,671,3.850461056922665
55,Management of Companies and Enterprises,1,3D Printer Hardware,3D Printer Hardware,0,0,-0
55,Management of Companies and Enterprises,2,3D Printing,3D Printing,0,0,-0
55,Management of Companies and Enterprises,3,Additive Manufacturing,Additive Manufacturing,0,0,-0
55,Management of Companies and Enterprises,4,Smart Agriculture & Water Management,Smart Agriculture,0,2,-0
55,Management of Companies and Enterprises,5,Internet of Things (IoT),IoT,0,0,-0
55,Management of Companies and Enterprises,6,Predictive Energy Management and Distribution,Energy Management,0.18558894986495553,2,0.1845397505450065
55,Management of Companies and Enterprises,7,Industrial Automation & Robot Control,Industrial Automation,2.741325310620191,14,1.7333089347497452
55,Management of Companies and Enterprises,8,Remote Monitoring & Control Systems,Remote Monitoring,0.3192368361474694,2,0.31404904387413285
55,Management of Companies and Enterprises,9,Smart Home & Intelligent Household Control,Smart Home,0,0,-0
55,Management of Companies and Enterprises,10,Intelligent Logistics,Intelligent Logistics,0,0,-0
55,Management of Companies and Enterprises,11,Autonomous Vehicles & UAVs,Autonomous Vehicles,0.6687184555305307,3,0.6268515003779146
55,Management of Companies and Enterprises,12,Parking & Vehicle Space Management,Parking Management,0,1,-0
55,Management of Companies and Enterprises,13,Vehicle Telematics & Electric Vehicle Management,Vehicle Telematics,0,0,-0
55,Management of Companies and Enterprises,14,Passenger Transportation,Passenger Transportation,0,0,-0
55,Management of Companies and Enterprises,15,Food Ordering & Vending Systems,Food Ordering,0,0,-0
55,Management of Companies and Enterprises,16,Digital Advertising,Digital Advertising,0,0,-0
55,Management of Companies and Enterprises,17,Electronic Trading and Auctions,E-Trading,14.394934389752752,51,3.3612278505984223
55,Management of Companies and Enterprises,18,Online Shopping Platforms,Online Shopping,0,0,-0
55,Management of Companies and Enterprises,19,E-Coupons & Promotion Management,E-Coupons,0,1,-0
55,Management of Companies and Enterprises,20,Electronic Payments & Financial Transactions,E-Payment,40.373998190597526,131,4.391486482520344
55,Management of Companies and Enterprises,21,Mobile Payments,Mobile Payment,2.251573213868079,11,1.550796713070885
55,Management of Companies and Enterprises,22,Gaming & Wagering Systems,Gaming,2.714891410346522,10,1.724211347258394
55,Management of Companies and Enterprises,23,Digital Authentication,Digital Authentification,6.890381751228683,28,2.628498227383568
55,Management of Companies and Enterprises,24,E-Learning,E-Learning,2.615450054479341,13,1.689275080805807
55,Management of Companies and Enterprises,25,Location-Based Services & Tracking,Location-Based Services,0,0,-0
55,Management of Companies and Enterprises,26,Voice Communication,Voice Communication,0.40841407214979364,3,0.39783621017669785
55,Management of Companies and Enterprises,27,Electronic Messaging,Electronic Messaging,0.813389166553116,3,0.7430893291089419
55,Management of Companies and Enterprises,28,Workflow Management,Workflow Management,14.90911547791043,47,3.396242789651307
55,Management of Companies and Enterprises,29,Cloud Storage & Data Security,Cloud Storage,0.4107673371029293,4,0.400013885527839
55,Management of Companies and Enterprises,30,Information Processing,Information Processing,2.0104872471232693,9,1.4483157015687258
55,Management of Companies and Enterprises,31,Cloud Computing,Cloud Computing,9.81774859223506,39,2.979922654877767
55,Management of Companies and Enterprises,32,Recommender Systems,Recommender Systems,2.4340736691678444,8,1.6224644811292557
55,Management of Companies and Enterprises,33,Social Networking & Media Platforms,Social Networking,1.2867869708371464,9,1.0703691346230568
55,Management of Companies and Enterprises,34,Digital Media Content,Digital Media Content,0,1,-0
55,Management of Companies and Enterprises,35,Augmented and Virtual Reality (AR/VR),AR/VR,0,0,-0
55,Management of Companies and Enterprises,36,Machine Learning & Neural Networks,Machine Learning,0,0,-0
55,Management of Companies and Enterprises,37,Medical Imaging & Image Processing,Medical Imaging,0,0,-0
55,Management of Companies and Enterprises,38,Health Monitoring,Health Monitoring,0,0,-0
55,Management of Companies and Enterprises,39,Medical Information,Medical Information,0,0,-0
55,Management of Companies and Enterprises,40,E-Healthcare,E-Healthcare,0,0,-0
56,"Administrative and Support, Waste Management and Remediation Services",1,3D Printer Hardware,3D Printer Hardware,1.122007463945399,49,0.965070020525486
56,"Administrative and Support, Waste Management and Remediation Services",2,3D Printing,3D Printing,3.09538418679488,108,1.8481856556187957
56,"Administrative and Support, Waste Management and Remediation Services",3,Additive Manufacturing,Additive Manufacturing,0.03951945019809826,2,0.03950917059411688
56,"Administrative and Support, Waste Management and Remediation Services",4,Smart Agriculture & Water Management,Smart Agriculture,36.74162844897003,1240,4.297242723958806
56,"Administrative and Support, Waste Management and Remediation Services",5,Internet of Things (IoT),IoT,17.357985923242552,634,3.5480285727126786
56,"Administrative and Support, Waste Management and Remediation Services",6,Predictive Energy Management and Distribution,Energy Management,10.521455222418222,441,3.0488144305885263
56,"Administrative and Support, Waste Management and Remediation Services",7,Industrial Automation & Robot Control,Industrial Automation,9.45787052561375,393,2.9427776074033773
56,"Administrative and Support, Waste Management and Remediation Services",8,Remote Monitoring & Control Systems,Remote Monitoring,71.59863720947456,2314,4.964271984891586
56,"Administrative and Support, Waste Management and Remediation Services",9,Smart Home & Intelligent Household Control,Smart Home,56.33746569238053,1978,4.724585717503603
56,"Administrative and Support, Waste Management and Remediation Services",10,Intelligent Logistics,Intelligent Logistics,18.921563770174085,529,3.634146936359075
56,"Administrative and Support, Waste Management and Remediation Services",11,Autonomous Vehicles & UAVs,Autonomous Vehicles,8.940894259212934,381,2.886895585821587
56,"Administrative and Support, Waste Management and Remediation Services",12,Parking & Vehicle Space Management,Parking Management,26.835451243781776,991,3.983217974930902
56,"Administrative and Support, Waste Management and Remediation Services",13,Vehicle Telematics & Electric Vehicle Management,Vehicle Telematics,26.788292545639216,912,3.9814603227857543
56,"Administrative and Support, Waste Management and Remediation Services",14,Passenger Transportation,Passenger Transportation,86.63613836071161,2387,5.154897516989452
56,"Administrative and Support, Waste Management and Remediation Services",15,Food Ordering & Vending Systems,Food Ordering,22.949065186941812,703,3.8268987359220046
56,"Administrative and Support, Waste Management and Remediation Services",16,Digital Advertising,Digital Advertising,28.933671169891976,1049,4.0584516858383255
56,"Administrative and Support, Waste Management and Remediation Services",17,Electronic Trading and Auctions,E-Trading,2.8938774150956776,109,1.784342408937165
56,"Administrative and Support, Waste Management and Remediation Services",18,Online Shopping Platforms,Online Shopping,20.3152274810888,613,3.705123112432046
56,"Administrative and Support, Waste Management and Remediation Services",19,E-Coupons & Promotion Management,E-Coupons,9.297275719649958,370,2.9257483389933965
56,"Administrative and Support, Waste Management and Remediation Services",20,Electronic Payments & Financial Transactions,E-Payment,91.72409153525946,3329,5.211961960030685
56,"Administrative and Support, Waste Management and Remediation Services",21,Mobile Payments,Mobile Payment,49.40971806134725,1965,4.593396695177753
56,"Administrative and Support, Waste Management and Remediation Services",22,Gaming & Wagering Systems,Gaming,10.850810829336282,470,3.07950357841474
56,"Administrative and Support, Waste Management and Remediation Services",23,Digital Authentication,Digital Authentification,76.55467669190423,3438,5.031195048979043
56,"Administrative and Support, Waste Management and Remediation Services",24,E-Learning,E-Learning,13.290042321288077,560,3.281574668360501
56,"Administrative and Support, Waste Management and Remediation Services",25,Location-Based Services & Tracking,Location-Based Services,28.565669494965363,1026,4.045659042855204
56,"Administrative and Support, Waste Management and Remediation Services",26,Voice Communication,Voice Communication,87.03651086563971,2827,5.159507876425588
56,"Administrative and Support, Waste Management and Remediation Services",27,Electronic Messaging,Electronic Messaging,33.19349219879539,1243,4.1957278417755015
56,"Administrative and Support, Waste Management and Remediation Services",28,Workflow Management,Workflow Management,84.79675395695463,2646,5.133439210150211
56,"Administrative and Support, Waste Management and Remediation Services",29,Cloud Storage & Data Security,Cloud Storage,22.282777499001813,967,3.7974643735197975
56,"Administrative and Support, Waste Management and Remediation Services",30,Information Processing,Information Processing,32.40260952833883,1006,4.171624167427879
56,"Administrative and Support, Waste Management and Remediation Services",31,Cloud Computing,Cloud Computing,81.03774944870278,3259,5.088100335527479
56,"Administrative and Support, Waste Management and Remediation Services",32,Recommender Systems,Recommender Systems,10.652112657692223,423,3.0611014524655604
56,"Administrative and Support, Waste Management and Remediation Services",33,Social Networking & Media Platforms,Social Networking,27.525980953443494,1258,4.008607292744104
56,"Administrative and Support, Waste Management and Remediation Services",34,Digital Media Content,Digital Media Content,7.717536318717069,288,2.7408136023572
56,"Administrative and Support, Waste Management and Remediation Services",35,Augmented and Virtual Reality (AR/VR),AR/VR,1.5734367509677758,76,1.2348202550529992
56,"Administrative and Support, Waste Management and Remediation Services",36,Machine Learning & Neural Networks,Machine Learning,2.060529198411366,124,1.4703818255720376
56,"Administrative and Support, Waste Management and Remediation Services",37,Medical Imaging & Image Processing,Medical Imaging,1.083502453578409,47,0.9392037701270126
56,"Administrative and Support, Waste Management and Remediation Services",38,Health Monitoring,Health Monitoring,23.873543882016534,918,3.8663564254793847
56,"Administrative and Support, Waste Management and Remediation Services",39,Medical Information,Medical Information,22.733825783761674,747,3.817484488959596
56,"Administrative and Support, Waste Management and Remediation Services",40,E-Healthcare,E-Healthcare,54.27604016923625,1726,4.687314914173729
61,Educational Services,1,3D Printer Hardware,3D Printer Hardware,0,0,-0
61,Educational Services,2,3D Printing,3D Printing,0.05613561692310014,1,0.056106176156247876
61,Educational Services,3,Additive Manufacturing,Additive Manufacturing,0.03477114810385325,1,0.034764145337062916
61,Educational Services,4,Smart Agriculture & Water Management,Smart Agriculture,0.10874545822747878,2,0.10853226123021803
61,Educational Services,5,Internet of Things (IoT),IoT,1.0118058038658977,32,0.8896969610752621
61,Educational Services,6,Predictive Energy Management and Distribution,Energy Management,0.4372255855734737,15,0.4243726936960542
61,Educational Services,7,Industrial Automation & Robot Control,Industrial Automation,6.225179158488025,168,2.5281389947697646
61,Educational Services,8,Remote Monitoring & Control Systems,Remote Monitoring,2.125225873401991,62,1.4982754934289237
61,Educational Services,9,Smart Home & Intelligent Household Control,Smart Home,0.16829284424434243,5,0.16750838982148897
61,Educational Services,10,Intelligent Logistics,Intelligent Logistics,0.03714268120594383,1,0.03713414629438725
61,Educational Services,11,Autonomous Vehicles & UAVs,Autonomous Vehicles,0.5453802898860416,14,0.5214286396980263
61,Educational Services,12,Parking & Vehicle Space Management,Parking Management,0.037388974620951455,1,0.037380268867700024
61,Educational Services,13,Vehicle Telematics & Electric Vehicle Management,Vehicle Telematics,0.22879602388989,9,0.22684547667333996
61,Educational Services,14,Passenger Transportation,Passenger Transportation,1.2864472199223753,30,1.070160638969808
61,Educational Services,15,Food Ordering & Vending Systems,Food Ordering,0.9893863885168507,24,0.8738486816095514
61,Educational Services,16,Digital Advertising,Digital Advertising,7.228366009806199,172,2.675910964938346
61,Educational Services,17,Electronic Trading and Auctions,E-Trading,1.8288298924464912,49,1.3643566814603656
61,Educational Services,18,Online Shopping Platforms,Online Shopping,2.8958564474864903,60,1.7849885771697775
61,Educational Services,19,E-Coupons & Promotion Management,E-Coupons,6.238543417856371,148,2.530256413115112
61,Educational Services,20,Electronic Payments & Financial Transactions,E-Payment,9.368183964931976,238,2.9333029341043044
61,Educational Services,21,Mobile Payments,Mobile Payment,4.726981898731699,138,2.257439371647449
61,Educational Services,22,Gaming & Wagering Systems,Gaming,9.549062286741119,266,2.9523206245757545
61,Educational Services,23,Digital Authentication,Digital Authentification,17.867858485207478,550,3.5769328057567966
61,Educational Services,24,E-Learning,E-Learning,294.24583833122233,6660,6.377565670760884
61,Educational Services,25,Location-Based Services & Tracking,Location-Based Services,7.442938403044093,186,2.704895504804863
61,Educational Services,26,Voice Communication,Voice Communication,16.580429358446107,411,3.5022783745416457
61,Educational Services,27,Electronic Messaging,Electronic Messaging,20.050824584502312,497,3.6920387161880375
61,Educational Services,28,Workflow Management,Workflow Management,27.341790094109104,631,4.001897732649524
61,Educational Services,29,Cloud Storage & Data Security,Cloud Storage,2.8705506262242704,78,1.7766961641379024
61,Educational Services,30,Information Processing,Information Processing,25.662702021956683,546,3.9385652270699363
61,Educational Services,31,Cloud Computing,Cloud Computing,14.782522769612692,395,3.387734855741699
61,Educational Services,32,Recommender Systems,Recommender Systems,13.962777364927117,374,3.330822070136957
61,Educational Services,33,Social Networking & Media Platforms,Social Networking,7.2583902617988665,223,2.6800170865034962
61,Educational Services,34,Digital Media Content,Digital Media Content,9.679043809366018,235,2.9657682266046868
61,Educational Services,35,Augmented and Virtual Reality (AR/VR),AR/VR,5.563255139932197,144,2.4173120180363186
61,Educational Services,36,Machine Learning & Neural Networks,Machine Learning,5.015578247175634,200,2.315488919510655
61,Educational Services,37,Medical Imaging & Image Processing,Medical Imaging,2.8147039838546997,69,1.7581629029602255
61,Educational Services,38,Health Monitoring,Health Monitoring,7.218182097254375,164,2.674514409530074
61,Educational Services,39,Medical Information,Medical Information,6.922340445977264,175,2.6330779059058993
61,Educational Services,40,E-Healthcare,E-Healthcare,5.359803899926794,129,2.3806655811982997
62,Health Care and Social Assistance,1,3D Printer Hardware,3D Printer Hardware,0,1,-0
62,Health Care and Social Assistance,2,3D Printing,3D Printing,0.01679747023464945,2,0.016796680419874657
62,Health Care and Social Assistance,3,Additive Manufacturing,Additive Manufacturing,0.13171229656558026,9,0.13133441222294356
62,Health Care and Social Assistance,4,Smart Agriculture & Water Management,Smart Agriculture,0.5107198476420043,39,0.4907793338078657
62,Health Care and Social Assistance,5,Internet of Things (IoT),IoT,2.9750929902699585,209,1.8105406058413918
62,Health Care and Social Assistance,6,Predictive Energy Management and Distribution,Energy Management,0.372093053403495,33,0.364001446785905
62,Health Care and Social Assistance,7,Industrial Automation & Robot Control,Industrial Automation,2.0962953551698797,133,1.4858889392374108
62,Health Care and Social Assistance,8,Remote Monitoring & Control Systems,Remote Monitoring,6.198932532481555,384,2.5239675804809094
62,Health Care and Social Assistance,9,Smart Home & Intelligent Household Control,Smart Home,12.082001728812424,759,3.186572307182642
62,Health Care and Social Assistance,10,Intelligent Logistics,Intelligent Logistics,0.06855677436414806,7,0.06850318446599506
62,Health Care and Social Assistance,11,Autonomous Vehicles & UAVs,Autonomous Vehicles,15.028419828913307,941,3.404195323653448
62,Health Care and Social Assistance,12,Parking & Vehicle Space Management,Parking Management,0.28358664942227235,19,0.2799168921690095
62,Health Care and Social Assistance,13,Vehicle Telematics & Electric Vehicle Management,Vehicle Telematics,27.701188725570397,1479,4.014948142101448
62,Health Care and Social Assistance,14,Passenger Transportation,Passenger Transportation,0.6571362100815085,50,0.6171978645014965
62,Health Care and Social Assistance,15,Food Ordering & Vending Systems,Food Ordering,5.856443591536419,281,2.4679003444927035
62,Health Care and Social Assistance,16,Digital Advertising,Digital Advertising,0,1,-0
62,Health Care and Social Assistance,17,Electronic Trading and Auctions,E-Trading,0,1,-0
62,Health Care and Social Assistance,18,Online Shopping Platforms,Online Shopping,0,3,-0
62,Health Care and Social Assistance,19,E-Coupons & Promotion Management,E-Coupons,0,2,-0
62,Health Care and Social Assistance,20,Electronic Payments & Financial Transactions,E-Payment,0.12994073503782894,12,0.12957781968107954
62,Health Care and Social Assistance,21,Mobile Payments,Mobile Payment,0.08181485078239306,19,0.08172385102242072
62,Health Care and Social Assistance,22,Gaming & Wagering Systems,Gaming,0.16742100548444325,17,0.1666485799230119
62,Health Care and Social Assistance,23,Digital Authentication,Digital Authentification,2.5614945900455988,227,1.6698306264225504
62,Health Care and Social Assistance,24,E-Learning,E-Learning,1.140354869191085,98,0.977222081373822
62,Health Care and Social Assistance,25,Location-Based Services & Tracking,Location-Based Services,1.0104490981381977,67,0.8887429477883395
62,Health Care and Social Assistance,26,Voice Communication,Voice Communication,1.254695745890024,86,1.050523065694723
62,Health Care and Social Assistance,27,Electronic Messaging,Electronic Messaging,0.8510301450722636,49,0.7720221419123899
62,Health Care and Social Assistance,28,Workflow Management,Workflow Management,3.1837369095379544,193,1.8750014482067625
62,Health Care and Social Assistance,29,Cloud Storage & Data Security,Cloud Storage,0.90434441097302,70,0.8120926249879836
62,Health Care and Social Assistance,30,Information Processing,Information Processing,0.8145950191069947,64,0.7440245248626846
62,Health Care and Social Assistance,31,Cloud Computing,Cloud Computing,1.4999847685734589,124,1.1947547683821207
62,Health Care and Social Assistance,32,Recommender Systems,Recommender Systems,1.2150507955135155,83,1.0255728732412994
62,Health Care and Social Assistance,33,Social Networking & Media Platforms,Social Networking,1.1540116672845129,95,0.9861959121742977
62,Health Care and Social Assistance,34,Digital Media Content,Digital Media Content,0.033388776224571634,4,0.03338257564230859
62,Health Care and Social Assistance,35,Augmented and Virtual Reality (AR/VR),AR/VR,1.710569870261866,120,1.3061672177312038
62,Health Care and Social Assistance,36,Machine Learning & Neural Networks,Machine Learning,1.1173983521635407,129,0.9619998254645018
62,Health Care and Social Assistance,37,Medical Imaging & Image Processing,Medical Imaging,37.34837913771749,2208,4.313615870588
62,Health Care and Social Assistance,38,Health Monitoring,Health Monitoring,72.23605843179277,4355,4.973134433243266
62,Health Care and Social Assistance,39,Medical Information,Medical Information,152.13030330253974,8214,5.717895394673054
62,Health Care and Social Assistance,40,E-Healthcare,E-Healthcare,192.33688128947816,10267,5.952402363022019
71,"Arts, Entertainment and Recreation",1,3D Printer Hardware,3D Printer Hardware,0,0,-0
71,"Arts, Entertainment and Recreation",2,3D Printing,3D Printing,0,0,-0
71,"Arts, Entertainment and Recreation",3,Additive Manufacturing,Additive Manufacturing,0,0,-0
71,"Arts, Entertainment and Recreation",4,Smart Agriculture & Water Management,Smart Agriculture,0.0965151594784,5,0.09636594151589783
71,"Arts, Entertainment and Recreation",5,Internet of Things (IoT),IoT,0.04876335333743223,5,0.048744048545009265
71,"Arts, Entertainment and Recreation",6,Predictive Energy Management and Distribution,Energy Management,0,2,-0
71,"Arts, Entertainment and Recreation",7,Industrial Automation & Robot Control,Industrial Automation,0.7093479664878157,25,0.6603079019394174
71,"Arts, Entertainment and Recreation",8,Remote Monitoring & Control Systems,Remote Monitoring,0.15464727088455246,6,0.15403739360259366
71,"Arts, Entertainment and Recreation",9,Smart Home & Intelligent Household Control,Smart Home,0,0,-0
71,"Arts, Entertainment and Recreation",10,Intelligent Logistics,Intelligent Logistics,0,0,-0
71,"Arts, Entertainment and Recreation",11,Autonomous Vehicles & UAVs,Autonomous Vehicles,0.046432803604615644,3,0.046416134876867576
71,"Arts, Entertainment and Recreation",12,Parking & Vehicle Space Management,Parking Management,36.189468992479874,1010,4.282106177288834
71,"Arts, Entertainment and Recreation",13,Vehicle Telematics & Electric Vehicle Management,Vehicle Telematics,0.0243490234753268,1,0.02434661812934705
71,"Arts, Entertainment and Recreation",14,Passenger Transportation,Passenger Transportation,6.768220186563242,191,2.610798660231482
71,"Arts, Entertainment and Recreation",15,Food Ordering & Vending Systems,Food Ordering,9.893671051419068,246,2.987586740730735
71,"Arts, Entertainment and Recreation",16,Digital Advertising,Digital Advertising,1.1247420685519864,57,0.9668882599822008
71,"Arts, Entertainment and Recreation",17,Electronic Trading and Auctions,E-Trading,0.854144719438632,40,0.774392229886829
71,"Arts, Entertainment and Recreation",18,Online Shopping Platforms,Online Shopping,0.08040366900690742,5,0.08031728846153177
71,"Arts, Entertainment and Recreation",19,E-Coupons & Promotion Management,E-Coupons,2.4238831138453505,87,1.618584981227224
71,"Arts, Entertainment and Recreation",20,Electronic Payments & Financial Transactions,E-Payment,0.7310563774516192,24,0.6779233396452649
71,"Arts, Entertainment and Recreation",21,Mobile Payments,Mobile Payment,0.28805313719149955,20,0.2842114047468019
71,"Arts, Entertainment and Recreation",22,Gaming & Wagering Systems,Gaming,76.6762066634934,2347,5.032781147600976
71,"Arts, Entertainment and Recreation",23,Digital Authentication,Digital Authentification,0.5217135612012764,21,0.5005482113677452
71,"Arts, Entertainment and Recreation",24,E-Learning,E-Learning,2.566341466188036,92,1.6715918263572858
71,"Arts, Entertainment and Recreation",25,Location-Based Services & Tracking,Location-Based Services,1.1175438829184274,45,0.9620968731082894
71,"Arts, Entertainment and Recreation",26,Voice Communication,Voice Communication,1.5531516994540058,58,1.2238894035726748
71,"Arts, Entertainment and Recreation",27,Electronic Messaging,Electronic Messaging,3.8017963664843966,128,2.045485267071277
71,"Arts, Entertainment and Recreation",28,Workflow Management,Workflow Management,3.4519867358098217,126,1.952445884874572
71,"Arts, Entertainment and Recreation",29,Cloud Storage & Data Security,Cloud Storage,0,1,-0
71,"Arts, Entertainment and Recreation",30,Information Processing,Information Processing,0.46226797615178444,17,0.4472113060500621
71,"Arts, Entertainment and Recreation",31,Cloud Computing,Cloud Computing,1.4194543890414004,60,1.1492378943973875
71,"Arts, Entertainment and Recreation",32,Recommender Systems,Recommender Systems,1.3925480713877976,59,1.1336430543505676
71,"Arts, Entertainment and Recreation",33,Social Networking & Media Platforms,Social Networking,6.235469832604847,244,2.529769829529389
71,"Arts, Entertainment and Recreation",34,Digital Media Content,Digital Media Content,5.650723135178567,178,2.432669785549409
71,"Arts, Entertainment and Recreation",35,Augmented and Virtual Reality (AR/VR),AR/VR,4.283405132313447,162,2.161250905022761
71,"Arts, Entertainment and Recreation",36,Machine Learning & Neural Networks,Machine Learning,0.03811417349098907,2,0.03810495150371087
71,"Arts, Entertainment and Recreation",37,Medical Imaging & Image Processing,Medical Imaging,0.0583578941655647,2,0.058324820460450066
71,"Arts, Entertainment and Recreation",38,Health Monitoring,Health Monitoring,4.198553708668124,120,2.1417768628808753
71,"Arts, Entertainment and Recreation",39,Medical Information,Medical Information,0.05338871069102366,3,0.05336338037642912
71,"Arts, Entertainment and Recreation",40,E-Healthcare,E-Healthcare,0.07445349509188803,2,0.07438487948798768
72,Accommodation and Food Services,1,3D Printer Hardware,3D Printer Hardware,0.05043358820350532,1,0.05041223260587819
72,Accommodation and Food Services,2,3D Printing,3D Printing,0.05708337708553327,2,0.05705242131118146
72,Accommodation and Food Services,3,Additive Manufacturing,Additive Manufacturing,0,0,-0
72,Accommodation and Food Services,4,Smart Agriculture & Water Management,Smart Agriculture,0.07680894395523621,2,0.07673361990478533
72,Accommodation and Food Services,5,Internet of Things (IoT),IoT,1.0043848991977802,30,0.884470782519383
72,Accommodation and Food Services,6,Predictive Energy Management and Distribution,Energy Management,0.9416020703931576,30,0.8394714211006198
72,Accommodation and Food Services,7,Industrial Automation & Robot Control,Industrial Automation,1.0036128031852294,29,0.8839259186913757
72,Accommodation and Food Services,8,Remote Monitoring & Control Systems,Remote Monitoring,1.3940179197150577,38,1.1345001069724676
72,Accommodation and Food Services,9,Smart Home & Intelligent Household Control,Smart Home,4.020928407772615,96,2.0997759736624992
72,Accommodation and Food Services,10,Intelligent Logistics,Intelligent Logistics,4.428504385031861,88,2.1937195543008094
72,Accommodation and Food Services,11,Autonomous Vehicles & UAVs,Autonomous Vehicles,2.5381345889326967,63,1.661301602497117
72,Accommodation and Food Services,12,Parking & Vehicle Space Management,Parking Management,7.79332267519459,187,2.7505054790449486
72,Accommodation and Food Services,13,Vehicle Telematics & Electric Vehicle Management,Vehicle Telematics,9.639768842729655,201,2.961723855027636
72,Accommodation and Food Services,14,Passenger Transportation,Passenger Transportation,42.740192426943025,838,4.4484237616375015
72,Accommodation and Food Services,15,Food Ordering & Vending Systems,Food Ordering,146.83815044084946,2520,5.682489737934494
72,Accommodation and Food Services,16,Digital Advertising,Digital Advertising,12.352648307907508,282,3.208652046282014
72,Accommodation and Food Services,17,Electronic Trading and Auctions,E-Trading,0.657297178168387,19,0.6173323818551052
72,Accommodation and Food Services,18,Online Shopping Platforms,Online Shopping,3.736356039377155,84,2.028703098548161
72,Accommodation and Food Services,19,E-Coupons & Promotion Management,E-Coupons,5.71939501492764,150,2.444566636047954
72,Accommodation and Food Services,20,Electronic Payments & Financial Transactions,E-Payment,2.00212535947159,66,1.4445855610036662
72,Accommodation and Food Services,21,Mobile Payments,Mobile Payment,26.586239680944654,684,3.973894462536857
72,Accommodation and Food Services,22,Gaming & Wagering Systems,Gaming,39.49280615230363,868,4.369425963740515
72,Accommodation and Food Services,23,Digital Authentication,Digital Authentification,5.15449321423277,159,2.342295417815801
72,Accommodation and Food Services,24,E-Learning,E-Learning,0.7516469592665441,27,0.6944642272087821
72,Accommodation and Food Services,25,Location-Based Services & Tracking,Location-Based Services,36.7928381265403,831,4.298635016793357
72,Accommodation and Food Services,26,Voice Communication,Voice Communication,27.69180656221499,667,4.01460961359289
72,Accommodation and Food Services,27,Electronic Messaging,Electronic Messaging,4.3140120813041305,129,2.1681857934825355
72,Accommodation and Food Services,28,Workflow Management,Workflow Management,13.6673673110452,268,3.3094938968940206
72,Accommodation and Food Services,29,Cloud Storage & Data Security,Cloud Storage,0.19133374471430095,13,0.19018515742203815
72,Accommodation and Food Services,30,Information Processing,Information Processing,3.3670175077573896,72,1.9285309448160128
72,Accommodation and Food Services,31,Cloud Computing,Cloud Computing,2.5580500760380707,74,1.6685772413444464
72,Accommodation and Food Services,32,Recommender Systems,Recommender Systems,5.373275590245018,129,2.3831334155110424
72,Accommodation and Food Services,33,Social Networking & Media Platforms,Social Networking,4.517439477005545,129,2.213123893359072
72,Accommodation and Food Services,34,Digital Media Content,Digital Media Content,4.690843715524647,118,2.249932326374331
72,Accommodation and Food Services,35,Augmented and Virtual Reality (AR/VR),AR/VR,0.5402291075511694,17,0.5169014071045543
72,Accommodation and Food Services,36,Machine Learning & Neural Networks,Machine Learning,0,0,-0
72,Accommodation and Food Services,37,Medical Imaging & Image Processing,Medical Imaging,0,1,-0
72,Accommodation and Food Services,38,Health Monitoring,Health Monitoring,0.9732948395540135,32,0.8623635606111798
72,Accommodation and Food Services,39,Medical Information,Medical Information,0.6906843039928509,23,0.6450181517703436
72,Accommodation and Food Services,40,E-Healthcare,E-Healthcare,1.6548167957274982,42,1.2776829723549463
81,Other Services (except Public Administration),1,3D Printer Hardware,3D Printer Hardware,5.546587801471257,211,2.4143590205462364
81,Other Services (except Public Administration),2,3D Printing,3D Printing,11.85103429306563,430,3.1673376231223758
81,Other Services (except Public Administration),3,Additive Manufacturing,Additive Manufacturing,0.4608616092561297,26,0.44593439486342024
81,Other Services (except Public Administration),4,Smart Agriculture & Water Management,Smart Agriculture,10.133174553895769,437,3.011387706822295
81,Other Services (except Public Administration),5,Internet of Things (IoT),IoT,7.232512302860395,334,2.6764790075984726
81,Other Services (except Public Administration),6,Predictive Energy Management and Distribution,Energy Management,10.384030988858134,448,3.035726808010921
81,Other Services (except Public Administration),7,Industrial Automation & Robot Control,Industrial Automation,16.774190606201387,674,3.513875929270443
81,Other Services (except Public Administration),8,Remote Monitoring & Control Systems,Remote Monitoring,31.86228971248416,1204,4.15481651504355
81,Other Services (except Public Administration),9,Smart Home & Intelligent Household Control,Smart Home,48.617689513087754,1919,4.5772403775058095
81,Other Services (except Public Administration),10,Intelligent Logistics,Intelligent Logistics,0.19891029776036898,10,0.19762145761005043
81,Other Services (except Public Administration),11,Autonomous Vehicles & UAVs,Autonomous Vehicles,24.75064802375805,1096,3.9024067026671463
81,Other Services (except Public Administration),12,Parking & Vehicle Space Management,Parking Management,84.10517547915074,2590,5.12525062563775
81,Other Services (except Public Administration),13,Vehicle Telematics & Electric Vehicle Management,Vehicle Telematics,62.192290637468396,2333,4.823442856495935
81,Other Services (except Public Administration),14,Passenger Transportation,Passenger Transportation,3.15431511128094,121,1.8661475704878918
81,Other Services (except Public Administration),15,Food Ordering & Vending Systems,Food Ordering,0.26724050844499436,22,0.2641576509989262
81,Other Services (except Public Administration),16,Digital Advertising,Digital Advertising,2.157841566453105,107,1.512075354298476
81,Other Services (except Public Administration),17,Electronic Trading and Auctions,E-Trading,0.2740546911469998,16,0.27073517857600793
81,Other Services (except Public Administration),18,Online Shopping Platforms,Online Shopping,0.5724945909930389,32,0.5450965859938192
81,Other Services (except Public Administration),19,E-Coupons & Promotion Management,E-Coupons,0.683464560347169,33,0.639067598688282
81,Other Services (except Public Administration),20,Electronic Payments & Financial Transactions,E-Payment,5.338809626439274,253,2.376807735211135
81,Other Services (except Public Administration),21,Mobile Payments,Mobile Payment,1.6558608371683206,91,1.2782228227595056
81,Other Services (except Public Administration),22,Gaming & Wagering Systems,Gaming,0.3340387735706163,35,0.32811931875693473
81,Other Services (except Public Administration),23,Digital Authentication,Digital Authentification,2.1797862926994296,128,1.5212640111183926
81,Other Services (except Public Administration),24,E-Learning,E-Learning,0.7449555538257917,42,0.6891067370523004
81,Other Services (except Public Administration),25,Location-Based Services & Tracking,Location-Based Services,1.0375200209299995,48,0.9076569675488005
81,Other Services (except Public Administration),26,Voice Communication,Voice Communication,2.851497344809278,127,1.770409495568968
81,Other Services (except Public Administration),27,Electronic Messaging,Electronic Messaging,0.5112326128558157,34,0.4912359426922039
81,Other Services (except Public Administration),28,Workflow Management,Workflow Management,11.556155092770759,463,3.142232181125865
81,Other Services (except Public Administration),29,Cloud Storage & Data Security,Cloud Storage,0.23937795590582636,27,0.23714883871332018
81,Other Services (except Public Administration),30,Information Processing,Information Processing,9.756912202936741,373,2.973738997360604
81,Other Services (except Public Administration),31,Cloud Computing,Cloud Computing,1.0436618351518643,63,0.9119126577091147
81,Other Services (except Public Administration),32,Recommender Systems,Recommender Systems,2.2514792428903676,134,1.5507585694492414
81,Other Services (except Public Administration),33,Social Networking & Media Platforms,Social Networking,19.24441434103095,1089,3.651042394301471
81,Other Services (except Public Administration),34,Digital Media Content,Digital Media Content,0.5539685139106075,35,0.528954807345627
81,Other Services (except Public Administration),35,Augmented and Virtual Reality (AR/VR),AR/VR,5.912372842348576,262,2.4772707185710914
81,Other Services (except Public Administration),36,Machine Learning & Neural Networks,Machine Learning,4.74243511125737,295,2.260632741245944
81,Other Services (except Public Administration),37,Medical Imaging & Image Processing,Medical Imaging,29.489929388371817,1335,4.077483355088207
81,Other Services (except Public Administration),38,Health Monitoring,Health Monitoring,20.860978123722862,992,3.7316014989435975
81,Other Services (except Public Administration),39,Medical Information,Medical Information,13.846200813288625,513,3.3224595262811376
81,Other Services (except Public Administration),40,E-Healthcare,E-Healthcare,14.54598261627011,537,3.37164149340975
91,Public Administration,1,3D Printer Hardware,3D Printer Hardware,0,0,-0
91,Public Administration,2,3D Printing,3D Printing,0,0,-0
91,Public Administration,3,Additive Manufacturing,Additive Manufacturing,0,0,-0
91,Public Administration,4,Smart Agriculture & Water Management,Smart Agriculture,0.7252652220234298,22,0.6732418015442395
91,Public Administration,5,Internet of Things (IoT),IoT,3.5728686862753056,90,1.985548717774062
91,Public Administration,6,Predictive Energy Management and Distribution,Energy Management,2.2504636065560653,61,1.5503462291277978
91,Public Administration,7,Industrial Automation & Robot Control,Industrial Automation,0.5193669117330955,21,0.49846668514352993
91,Public Administration,8,Remote Monitoring & Control Systems,Remote Monitoring,24.987486821338557,597,3.9119225134313553
91,Public Administration,9,Smart Home & Intelligent Household Control,Smart Home,3.991055370705917,114,2.092540870026344
91,Public Administration,10,Intelligent Logistics,Intelligent Logistics,0,0,-0
91,Public Administration,11,Autonomous Vehicles & UAVs,Autonomous Vehicles,0.8684186143729162,31,0.7852076446407361
91,Public Administration,12,Parking & Vehicle Space Management,Parking Management,0.376899020783285,11,0.3685021571407257
91,Public Administration,13,Vehicle Telematics & Electric Vehicle Management,Vehicle Telematics,4.74139829241178,125,2.260418797081435
91,Public Administration,14,Passenger Transportation,Passenger Transportation,0.04186098009409139,8,0.041848763934887505
91,Public Administration,15,Food Ordering & Vending Systems,Food Ordering,0,0,-0
91,Public Administration,16,Digital Advertising,Digital Advertising,0,0,-0
91,Public Administration,17,Electronic Trading and Auctions,E-Trading,0.04071001604521008,1,0.04069877960157868
91,Public Administration,18,Online Shopping Platforms,Online Shopping,0,0,-0
91,Public Administration,19,E-Coupons & Promotion Management,E-Coupons,0.03608392797555679,1,0.036076102047859854
91,Public Administration,20,Electronic Payments & Financial Transactions,E-Payment,1.0529489132300764,37,0.9183229683974103
91,Public Administration,21,Mobile Payments,Mobile Payment,0.14800078178033926,11,0.14746573188837592
91,Public Administration,22,Gaming & Wagering Systems,Gaming,0.19388021942253786,9,0.19268567253056587
91,Public Administration,23,Digital Authentication,Digital Authentification,8.386060660070914,321,2.8232541278032675
91,Public Administration,24,E-Learning,E-Learning,0,3,-0
91,Public Administration,25,Location-Based Services & Tracking,Location-Based Services,1.4480880848299196,46,1.1656183884380444
91,Public Administration,26,Voice Communication,Voice Communication,1.521967769896414,37,1.2068872929101704
91,Public Administration,27,Electronic Messaging,Electronic Messaging,0.77628091266585,17,0.7140394400791292
91,Public Administration,28,Workflow Management,Workflow Management,13.079193762863785,314,3.2656281226066306
91,Public Administration,29,Cloud Storage & Data Security,Cloud Storage,3.8249703116998033,151,2.051363532000985
91,Public Administration,30,Information Processing,Information Processing,0.4300186238619916,12,0.417760608551911
91,Public Administration,31,Cloud Computing,Cloud Computing,8.056868408131189,260,2.783501367387353
91,Public Administration,32,Recommender Systems,Recommender Systems,0.6806874052012666,22,0.6367733125268746
91,Public Administration,33,Social Networking & Media Platforms,Social Networking,1.002635590179533,44,0.8832360032975956
91,Public Administration,34,Digital Media Content,Digital Media Content,0,0,-0
91,Public Administration,35,Augmented and Virtual Reality (AR/VR),AR/VR,0,0,-0
91,Public Administration,36,Machine Learning & Neural Networks,Machine Learning,0.13633047800692472,9,0.13591166510277836
91,Public Administration,37,Medical Imaging & Image Processing,Medical Imaging,0.040329622009495435,1,0.04031869746019615
91,Public Administration,38,Health Monitoring,Health Monitoring,0.3909063171647495,17,0.3815788685695166
91,Public Administration,39,Medical Information,Medical Information,1.217319903772454,35,1.0270140180694032
91,Public Administration,40,E-Healthcare,E-Healthcare,0.6444571623191985,29,0.6065710734552303
